; Picture Resolution : 200 x 175 x 16Bit

memory_initialization_radix=16;

memory_initialization_vector=

0020,
0020,
0020,
0020,
0020,
0020,
0020,
0020,
0020,
0000,
0000,
0861,
20E2,
2923,
2902,
2901,
2102,
20E1,
20E1,
18C1,
20E1,
2102,
18E1,
0840,
0820,
0000,
0000,
0000,
0020,
0020,
0020,
0020,
0000,
0000,
0000,
0000,
0000,
0000,
0020,
0020,
0020,
0020,
1061,
2102,
3984,
41C5,
49C4,
41A4,
51A5,
51C5,
59E5,
5A06,
6226,
6226,
6267,
6A87,
6A87,
72A8,
72C8,
72E9,
7B2A,
834A,
836B,
8BAB,
8BAC,
93ED,
9C4E,
9C6E,
9C6E,
9C6E,
9C8F,
A48F,
A4AF,
A4AF,
A4AF,
A4AF,
A4AF,
A4CF,
A4AF,
A4AF,
A4AF,
A48F,
9C8E,
9C6E,
9C6E,
9C4E,
944D,
942D,
940D,
940D,
940D,
942D,
942D,
942D,
942D,
942D,
940C,
940C,
940C,
940C,
940C,
940C,
940C,
940C,
940C,
940C,
942D,
942D,
944D,
944D,
944E,
944E,
944D,
942D,
940D,
8C0C,
8BEC,
8BCC,
83CB,
83AB,
83AB,
83AB,
838B,
838B,
83AB,
83AB,
83AB,
838B,
838B,
838B,
838B,
7B8B,
838B,
838B,
838B,
83AB,
83AC,
83CC,
8BCC,
8BEC,
8BEC,
8BEC,
8BEC,
8BEC,
8C0D,
8BEC,
8BEC,
8BEC,
8BEC,
8BEC,
8BED,
8BED,
8BEC,
8BEC,
8BEC,
8BEC,
8BED,
8BED,
8BED,
83EC,
83ED,
83ED,
7BCC,
7BAC,
7BAC,
7BAC,
7B8C,
7B8C,
7B6B,
7B6B,
736B,
736B,
734B,
6B0A,
62E9,
62C9,
62C9,
62C8,
5AA8,
5267,
4A06,
41E5,
41C4,
39A4,
3163,
3163,
3143,
3142,
2922,
2922,
2902,
2901,
2902,
2902,
2902,
2902,
2902,
2102,
20E2,
20E2,
0020,
0020,
0020,
0020,
0020,
0020,
0020,
0020,
0020,
0000,
0000,
0861,
20E2,
2923,
2902,
2902,
2102,
2101,
20E1,
18E1,
20E1,
2122,
18E2,
0860,
0820,
0000,
0000,
0000,
0020,
0020,
0020,
0020,
0000,
0000,
0000,
0000,
0000,
0000,
0020,
0020,
0020,
0020,
1060,
2102,
3984,
41C5,
49C4,
49A4,
51A5,
51C5,
59E5,
5A06,
6226,
6247,
6267,
6A87,
72C8,
72E9,
7B09,
7B29,
836A,
838B,
8BAC,
93EC,
9C2E,
9C4E,
A48F,
A4AF,
A48F,
A48F,
A48F,
A48F,
9C8F,
9C8F,
A4AF,
A4AF,
A4AF,
A4AF,
A4AF,
A4AF,
A4AF,
A48E,
9C6E,
9C6E,
9C6E,
9C4E,
944D,
942D,
940D,
940D,
940D,
942D,
942D,
942D,
942D,
942D,
940C,
940C,
940C,
940C,
940C,
940C,
940C,
940C,
940C,
940C,
942D,
942D,
944D,
944D,
944D,
944E,
944D,
942D,
940D,
8BEC,
8BEC,
8BCC,
83CB,
83AB,
83AB,
83AB,
838B,
838B,
83AB,
83AB,
83AB,
83AB,
838B,
838B,
838B,
7B8B,
7B8B,
838B,
838B,
83AB,
83AB,
83CC,
8BCC,
8BEC,
8BEC,
8BEC,
8BEC,
8BEC,
8BEC,
8BEC,
8BEC,
8BEC,
8BEC,
8BEC,
8BED,
8BED,
8BEC,
8BEC,
8BEC,
8BEC,
8BED,
8BED,
8BEC,
83ED,
83CC,
7BCC,
7BAC,
7B8B,
7B8B,
7B8B,
7B8B,
7B6B,
7B8B,
7B8B,
7B8C,
736B,
736B,
734B,
6B2A,
6B0A,
6309,
62E9,
62C8,
5287,
4A46,
4A05,
41C5,
39A4,
3183,
3163,
3143,
3143,
3142,
2922,
2922,
2902,
2902,
2102,
2102,
2102,
2102,
20E1,
20E2,
20E1,
0020,
0020,
0020,
0020,
0020,
0020,
0020,
0020,
0020,
0020,
0020,
1061,
2102,
2923,
2922,
2902,
2902,
2102,
20E1,
20E1,
20E1,
2122,
20E2,
1060,
0820,
0000,
0000,
0000,
0020,
0020,
0020,
0020,
0000,
0000,
0000,
0000,
0000,
0000,
0020,
0020,
0020,
0020,
1060,
2102,
3984,
41C5,
41A4,
49A4,
49A5,
51C5,
51E5,
5A06,
6226,
6247,
6A67,
6A87,
72E8,
7B09,
7B2A,
836A,
8B8B,
8BCC,
940D,
9C4E,
A48F,
AC8F,
ACB0,
ACD0,
A4B0,
A48F,
9C8F,
9C6E,
9C6E,
9C8E,
9C8E,
9C8F,
9C8F,
9C8F,
A48F,
A48F,
A48E,
9C8E,
9C6E,
9C6E,
9C4E,
9C4E,
942D,
942D,
940D,
940D,
940D,
942D,
942D,
942D,
942D,
942D,
942D,
942C,
942C,
942C,
942C,
940C,
940C,
940C,
940C,
940C,
942D,
942D,
942D,
944D,
944D,
944D,
944D,
942D,
8C0C,
8BEC,
8BEC,
8BCC,
83AB,
83AB,
83AB,
838B,
838B,
838B,
83AB,
83AB,
83AB,
83AB,
838B,
838B,
7B8B,
7B6B,
7B8B,
838B,
838B,
838B,
83AB,
83AC,
8BCC,
8BCC,
8BEC,
8BEC,
8BEC,
8BEC,
8BEC,
8BEC,
83CC,
83CC,
8BEC,
8BEC,
8BED,
8BED,
8BED,
8BED,
8BED,
8BED,
8BED,
8BED,
8BED,
83ED,
83CC,
7BAC,
7BAC,
7B8C,
7B8C,
7B8C,
7B8B,
7B8B,
7B8B,
7B8B,
7B8B,
7B6B,
736B,
736B,
734B,
734B,
6B2A,
6B2A,
62E9,
5AA8,
5267,
4A26,
41E5,
41C4,
3984,
3163,
3163,
3143,
3143,
2922,
2922,
2922,
2902,
2902,
2102,
2102,
20E1,
20E1,
20E1,
20E1,
0020,
0020,
0020,
0020,
0020,
0020,
0020,
0020,
0020,
0020,
0020,
1061,
2102,
2923,
2922,
2922,
2902,
2102,
2101,
20E1,
2101,
2122,
20E2,
1081,
0820,
0000,
0000,
0000,
0020,
0020,
0020,
0020,
0000,
0000,
0000,
0000,
0000,
0000,
0020,
0020,
0020,
0020,
1060,
2102,
3984,
41C5,
41A4,
49A4,
49A5,
51A5,
51E5,
5A06,
6246,
6247,
6A87,
72A8,
72E9,
7B4A,
836B,
8BAC,
93ED,
9C2E,
A44E,
ACAF,
ACB0,
ACB0,
ACD0,
ACD0,
ACD0,
A4AF,
9C6F,
9C4E,
9C6E,
9C6E,
9C6E,
9C6E,
9C8E,
9C8E,
9C8E,
9C8E,
9C8E,
9C6E,
9C6E,
9C4E,
9C4E,
944D,
942D,
942D,
940D,
940D,
940D,
942D,
942D,
942D,
942D,
942D,
942D,
942C,
942C,
9C2C,
9C2C,
942C,
942C,
942C,
942C,
942C,
942D,
942D,
942D,
944D,
944D,
944D,
942D,
940D,
8BEC,
8BEC,
8BCC,
83CB,
83AB,
83AB,
838B,
838B,
838B,
838B,
83AB,
83AB,
83AB,
83AB,
838B,
838B,
7B8B,
7B6B,
7B6B,
7B6B,
838B,
838B,
83AB,
83AB,
83CC,
8BCC,
8BCC,
8BCC,
8BCC,
8BCC,
83CC,
83CC,
83CC,
83CC,
8BEC,
8BEC,
8BED,
8BED,
8BED,
8BED,
8BED,
8BED,
8BEC,
83EC,
83CC,
83CC,
83CC,
7BAC,
7BAC,
7BAC,
7BAC,
7BAC,
7B8C,
7B8B,
7B6B,
736B,
736B,
736B,
734B,
734B,
734B,
734B,
734A,
6B2A,
6309,
62C8,
5AA8,
5267,
4A26,
41E5,
39C4,
3984,
3163,
3163,
3143,
2922,
2922,
2922,
2902,
2902,
2102,
2102,
20E1,
20E1,
20E2,
20E1,
0040,
0040,
0020,
0020,
0020,
0020,
0020,
0020,
0020,
0020,
0020,
0860,
20E2,
2923,
2922,
2922,
2922,
2902,
2101,
2101,
2102,
2122,
2102,
18A1,
0820,
0000,
0000,
0000,
0020,
0020,
0020,
0020,
0000,
0000,
0000,
0000,
0000,
0000,
0020,
0020,
0020,
0020,
1060,
2103,
3984,
41C5,
41C5,
49A4,
49C5,
49C5,
51E5,
5A26,
6246,
6267,
6AA8,
72E9,
834A,
8BAB,
93ED,
9C2E,
A46F,
A48F,
ACB0,
B4F1,
B4F0,
ACF0,
ACF0,
ACF0,
ACF0,
ACD0,
A48F,
9C4E,
944E,
944E,
9C6E,
9C6E,
9C6E,
9C6E,
9C6E,
9C6E,
9C6E,
9C6E,
9C4E,
9C4D,
9C4E,
944D,
942D,
942D,
940D,
940D,
942D,
942D,
942D,
942D,
942D,
942D,
942D,
942C,
9C2C,
9C2C,
9C2D,
9C2D,
9C2D,
9C2D,
942D,
942D,
942D,
942D,
942D,
942D,
942D,
942D,
940D,
8C0C,
8BEC,
8BCC,
8BCC,
83CB,
83AB,
83AB,
838B,
838B,
838B,
838B,
838B,
83AB,
83AB,
83AB,
838B,
7B8B,
7B6B,
7B6A,
7B6A,
7B6A,
7B6B,
7B8B,
838B,
83AB,
83AB,
83CC,
8BCC,
8BCC,
8BCC,
8BCC,
83CC,
83CC,
83CC,
83CC,
8BEC,
8BEC,
8BED,
8BED,
8BEC,
8BEC,
83ED,
83ED,
83CC,
83CC,
83AC,
7BAC,
7BAB,
7B8B,
7B8B,
7B8B,
7B8B,
7B8B,
7B8B,
7B8B,
736B,
736B,
736B,
736B,
734B,
734A,
734A,
734A,
734B,
6B4A,
6B0A,
62E9,
62C8,
5A87,
5246,
4A26,
41E5,
39A4,
3983,
3183,
3163,
2942,
2922,
2922,
2902,
2902,
2102,
20E1,
20E1,
20E1,
20E1,
20E1,
0040,
0040,
0020,
0020,
0020,
0020,
0020,
0020,
0020,
0020,
0020,
0860,
18E2,
2923,
2942,
2922,
2922,
2902,
2101,
2101,
2101,
2122,
2102,
18C1,
0820,
0000,
0000,
0000,
0020,
0020,
0020,
0020,
0000,
0000,
0000,
0000,
0820,
0820,
0020,
0020,
0020,
0020,
0860,
20E2,
3164,
41C5,
41C5,
49A4,
49C5,
49C5,
51E5,
5A26,
6247,
6267,
72E9,
834A,
8BCC,
9C0D,
A44E,
A48F,
ACD0,
B4D0,
B4F0,
B511,
B511,
B511,
B4F1,
B511,
B511,
ACD0,
A48F,
9C4E,
944E,
944E,
944E,
9C6E,
9C6E,
9C6E,
9C6E,
9C6E,
9C6E,
9C6E,
9C4D,
9C4D,
9C4E,
944D,
942D,
942D,
942D,
942D,
942D,
942D,
942D,
942D,
942D,
942D,
942C,
942C,
9C2D,
9C2D,
9C2D,
9C2D,
9C2D,
9C2D,
9C2D,
9C2D,
9C2D,
942D,
942D,
942D,
942D,
942D,
8C0C,
8BEC,
8BCC,
83CB,
83CB,
83AB,
83AB,
83AB,
838B,
838B,
838B,
838B,
838B,
83AB,
83AB,
83AB,
838B,
7B8B,
7B6A,
7B6A,
7B6A,
7B6A,
7B6A,
7B6B,
838B,
838B,
83AB,
83AC,
8BCC,
8BCC,
8BCC,
8BCC,
83CC,
83CC,
83CC,
83CC,
8BEC,
8BEC,
8BED,
8BED,
8BED,
8BEC,
8BED,
83ED,
83CC,
83CC,
83AC,
7B8B,
7B8B,
7B8B,
736B,
736B,
736B,
736B,
736B,
736B,
736B,
736B,
734B,
734B,
734B,
734B,
736B,
736B,
736B,
734B,
6B4A,
6B2A,
6309,
5AA8,
5267,
5247,
4A06,
41C5,
3984,
3983,
3163,
2942,
2922,
2922,
2902,
2902,
2102,
20E1,
20E1,
20E1,
20C1,
20C1,
0040,
0040,
0020,
0020,
0020,
0020,
0020,
0020,
0020,
0020,
0020,
0860,
18C1,
2923,
2942,
2942,
2922,
2902,
2101,
2101,
20E1,
2902,
2102,
18C2,
0820,
0000,
0000,
0000,
0020,
0020,
0020,
0020,
0020,
0020,
0020,
0020,
0820,
0820,
0020,
0020,
0020,
0020,
0840,
18A1,
2923,
39A5,
41C5,
41A4,
49C5,
49C5,
51E6,
5A26,
6247,
6A88,
7B2A,
8BAC,
9C0D,
A44E,
A48F,
ACB0,
B4F1,
B4F1,
B4F1,
B511,
B511,
B511,
B511,
B511,
B511,
ACD0,
A48F,
9C4E,
942D,
944E,
944E,
9C4E,
9C6E,
9C6E,
9C6E,
9C6E,
9C6E,
9C6E,
9C4E,
9C4E,
9C4E,
9C4E,
942E,
942D,
942D,
942D,
942D,
942D,
9C4D,
9C4D,
942D,
942D,
9C2C,
9C2C,
9C2D,
9C2D,
9C2C,
9C4D,
9C4D,
9C4D,
9C4D,
9C2D,
9C2D,
942D,
942D,
940D,
940D,
8C0C,
8BEC,
8BEC,
8BCC,
83CB,
83CB,
83AB,
83AB,
83AB,
83AB,
838B,
838B,
838B,
838B,
83AB,
838B,
838B,
7B8A,
7B8A,
7B6A,
7B6A,
7B6A,
7B6A,
7B6A,
7B6A,
838B,
838B,
83AB,
83AB,
83CC,
83CC,
83CC,
83CC,
83CC,
83CC,
83CC,
83CC,
83CC,
8BEC,
8BED,
8BED,
8BED,
8BED,
8BED,
83CC,
83CC,
83AC,
7B8B,
7B8B,
736B,
736B,
734A,
734A,
736A,
736A,
734A,
734A,
734A,
734A,
734A,
734A,
734A,
734A,
734A,
736A,
736B,
734B,
734A,
734A,
6B2A,
62E9,
5AA8,
5A87,
4A26,
41E5,
39A4,
3984,
3183,
3143,
2922,
2922,
2922,
2902,
2102,
20E1,
20E1,
20E1,
20C1,
20E1,
0040,
0040,
0020,
0020,
0020,
0020,
0020,
0020,
0020,
0040,
0020,
0840,
18C1,
2922,
2942,
3142,
2922,
2902,
2101,
2101,
20E1,
2902,
2102,
20E2,
0820,
0000,
0000,
0000,
0020,
0020,
0020,
0020,
0020,
0020,
0020,
0020,
0820,
0820,
0020,
0020,
0020,
0020,
0820,
1081,
2902,
3984,
41C5,
41A4,
49C5,
49C5,
51E6,
5A27,
6267,
6AA8,
7B4A,
93ED,
9C4E,
A46F,
ACAF,
ACD0,
B511,
B511,
B511,
BD12,
B511,
B511,
B532,
B532,
B531,
ACF0,
A4AF,
9C6E,
942D,
942D,
942E,
9C4E,
9C4E,
9C6E,
9C6E,
9C6E,
9C6E,
9C6E,
9C4E,
9C4E,
9C4E,
9C4E,
9C4E,
942D,
942D,
942D,
9C4D,
9C4D,
9C4D,
9C4D,
9C2D,
942D,
9C2C,
9C2D,
9C2D,
9C2D,
9C4D,
9C4D,
9C4D,
9C4D,
9C4D,
9C2D,
942D,
942D,
940D,
940C,
8C0C,
8BEC,
8BEC,
8BCC,
83CB,
83CB,
83AB,
83AB,
83AB,
83AB,
83AB,
838B,
838B,
838B,
838B,
838B,
838B,
838B,
7B8A,
7B8A,
7B6A,
7B6A,
7B6A,
7B6A,
7B6A,
7B6A,
7B8B,
838B,
83AB,
83AB,
83AC,
83CC,
83CC,
83AC,
83CC,
83CC,
83CC,
83CC,
83CC,
83CC,
8BCD,
8BCD,
83CC,
83CC,
83CC,
83CC,
83AC,
7B8B,
7B6B,
736B,
734A,
734A,
734A,
6B2A,
734A,
734A,
734A,
6B2A,
6B2A,
6B2A,
6B4A,
6B2A,
6B2A,
6B2A,
6B4A,
6B4A,
6B4A,
6B4A,
734A,
734A,
6B2A,
62E9,
62C8,
5AA8,
5267,
4A06,
41C5,
39C4,
39A4,
3163,
3143,
3163,
2922,
2922,
2902,
20E1,
20E1,
20E1,
20E2,
20E2,
0040,
0040,
0020,
0020,
0020,
0020,
0020,
0020,
0020,
0040,
0020,
0840,
18C1,
2122,
2922,
3163,
2922,
2922,
2901,
20E1,
20E1,
2902,
2102,
20E2,
0840,
0000,
0000,
0000,
0020,
0020,
0000,
0020,
0020,
0020,
0020,
0020,
0820,
0820,
0820,
0020,
0020,
0020,
0840,
0860,
18A1,
3164,
41C5,
41A4,
49A5,
49C5,
5206,
5A26,
6267,
6AE9,
838B,
940D,
A46F,
A48F,
ACB0,
ACD0,
B511,
B511,
B511,
B511,
B532,
BD32,
B532,
B532,
B531,
B511,
A4AF,
9C4E,
942D,
942D,
942D,
942D,
944E,
9C4E,
9C4E,
9C6E,
9C4E,
9C4E,
9C4E,
9C4D,
9C4D,
942D,
942D,
942D,
942D,
942D,
9C4D,
9C4D,
9C4D,
9C4D,
9C2D,
942D,
9C2D,
9C2D,
9C2C,
9C2C,
9C4D,
9C4D,
9C4D,
9C2C,
9C2D,
9C2D,
942D,
940C,
940C,
8BEC,
8BEC,
8BEC,
8BCC,
83CB,
83CB,
83AB,
83AB,
83AB,
83AB,
83AB,
83AB,
838B,
838B,
838B,
838B,
838B,
838B,
838B,
7B8A,
7B8A,
7B6A,
7B6A,
7B6A,
7B6A,
7B6A,
7B6A,
7B8B,
838B,
838B,
83AB,
83AB,
83AC,
83AC,
83AC,
8BCC,
83AC,
83AC,
83AC,
83CC,
83CC,
83CC,
83AC,
83CC,
83CC,
83AC,
83AC,
83AC,
7B8C,
7B6B,
734A,
732A,
6B2A,
6B29,
6B29,
6B2A,
6B2A,
6B2A,
6B29,
6B29,
6B29,
6B29,
6B29,
6B2A,
6B4A,
6B4A,
6B4A,
6B2A,
6B4A,
734A,
6B4A,
6B0A,
62E9,
62C9,
62C8,
5A87,
4A26,
4205,
41E5,
41C4,
39A4,
39A4,
3984,
3143,
2922,
2902,
2902,
2922,
2902,
2102,
20E1,
0040,
0040,
0040,
0040,
0040,
0040,
0020,
0040,
0020,
0040,
0020,
0040,
18C1,
2122,
2922,
3143,
2922,
2922,
2901,
20E1,
2102,
2902,
2102,
2102,
0860,
0000,
0000,
0000,
0020,
0020,
0000,
0020,
0020,
0020,
0020,
0020,
0820,
0820,
0020,
0020,
0020,
0020,
0840,
0860,
1081,
2923,
39A5,
41A5,
49C5,
49E5,
5206,
5A47,
6267,
72E9,
83AC,
9C2E,
9C6E,
A48F,
A4AF,
ACB0,
ACD0,
ACD0,
ACF1,
B4F1,
B511,
B532,
BD52,
BD32,
B532,
B511,
A4AF,
9C4E,
942D,
942D,
942D,
942E,
9C4E,
9C4E,
9C4E,
9C4E,
9C4E,
9C4E,
9C4E,
9C4D,
942D,
942D,
942D,
942D,
942D,
942D,
9C4D,
9C4D,
9C4D,
9C4D,
9C2D,
942D,
9C2D,
9C2D,
9C2C,
9C2C,
9C2C,
9C4D,
9C2C,
9C2C,
9C2D,
942C,
940C,
940C,
8BEC,
8BEC,
8BEC,
8BCC,
83CB,
83CB,
83AB,
83AB,
83AB,
83AB,
83AB,
838B,
838B,
838B,
7B8A,
7B8A,
838B,
838B,
7B8A,
7B8A,
7B8A,
7B6A,
7B6A,
7B6A,
7B6A,
7B6A,
7B6A,
7B6A,
7B8B,
838B,
838B,
83AB,
83AB,
83AC,
83AC,
83CC,
83AC,
83AC,
83AC,
83AC,
83AC,
83AC,
83CC,
83CC,
83AC,
83AC,
83AC,
838C,
7B8B,
736B,
734A,
732A,
6AE9,
6AE9,
6B09,
6B09,
6B09,
6B29,
6B09,
6B09,
6B09,
6309,
6309,
6B09,
6B09,
6B29,
6B2A,
6B2A,
6B2A,
734A,
734A,
6B4A,
6B2A,
6B09,
6309,
62E9,
5AC8,
5267,
5246,
4A26,
4A05,
41E5,
41C5,
39A4,
3163,
3143,
2922,
2922,
2922,
2922,
2902,
2102,
0040,
0040,
0040,
0040,
0020,
0020,
0040,
0040,
0020,
0040,
0020,
0040,
10A1,
2122,
2943,
3143,
2922,
2922,
2902,
20E1,
2102,
2902,
2923,
2103,
1061,
0000,
0000,
0000,
0020,
0020,
0020,
0020,
0020,
0000,
0020,
0020,
0020,
0020,
0020,
0020,
0020,
0020,
0840,
0861,
1081,
20E2,
3984,
41C5,
41C5,
49E5,
5226,
5A47,
6288,
732A,
8BCC,
9C2E,
9C6F,
A48F,
A48F,
A48F,
A48F,
A48F,
ACB0,
ACD0,
ACF1,
B532,
BD52,
BD52,
B532,
B511,
ACD0,
9C8F,
944E,
942D,
942D,
944E,
9C4E,
9C6E,
9C4E,
9C4E,
9C4E,
9C4E,
9C4D,
942D,
942E,
942E,
942D,
942D,
942D,
942D,
9C2D,
9C4D,
9C4D,
9C2D,
942D,
942D,
9C2C,
9C2C,
9C2C,
9C2C,
9C2C,
9C2C,
9C2C,
9C2C,
942C,
940C,
940C,
93EC,
8BEC,
8BEC,
8BCC,
8BCB,
83CB,
83AB,
83AB,
83AB,
838B,
838B,
838B,
7B8A,
7B8A,
7B8A,
7B6A,
7B6A,
7B8A,
7B8A,
7B8A,
7B6A,
7B6A,
7B6A,
7B6A,
7B6A,
7B6A,
7B6A,
7B6A,
7B6A,
7B8B,
838B,
838B,
83AB,
83AC,
83AC,
83AC,
83AC,
83AC,
83AC,
83AC,
83AC,
83AC,
83AC,
83AC,
83AC,
83AC,
83AC,
7B8C,
7B6B,
732A,
6B09,
6AE9,
62C9,
62C9,
62C9,
62C9,
6AE9,
6B09,
6B09,
6B09,
62E9,
62E9,
62E9,
62E9,
6309,
6B09,
6B29,
6B2A,
6B4A,
6B2A,
6B4A,
734A,
6B4A,
6B2A,
6B2A,
6B2A,
6B2A,
62E9,
5AA8,
5A87,
5247,
4A26,
4A06,
41E5,
39A4,
3163,
3143,
2922,
2922,
2922,
2922,
2922,
2902,
0020,
0020,
0020,
0020,
0020,
0020,
0020,
0020,
0020,
0041,
0020,
0020,
0880,
2102,
2943,
3143,
3143,
2922,
2902,
2101,
2902,
2902,
2923,
2923,
1081,
0000,
0000,
0820,
0000,
0020,
0020,
0020,
0020,
0020,
0000,
0020,
0020,
0020,
0020,
0020,
0020,
0020,
0020,
0860,
1060,
18A1,
2923,
39A5,
41C5,
49E5,
5226,
5A67,
6AE9,
7B6B,
940D,
9C4E,
A48F,
A48F,
A48F,
9C6F,
9C6F,
9C6F,
A48F,
A4B0,
ACD0,
B4F1,
B532,
B532,
B511,
AD11,
ACD0,
A4B0,
9C6E,
944E,
942D,
942E,
9C4E,
9C6E,
9C4E,
9C4E,
9C4E,
9C4E,
9C4D,
942D,
942E,
942D,
942D,
942D,
942D,
942D,
9C2D,
9C2D,
9C2D,
942D,
942D,
942C,
9C2C,
9C2C,
9C2C,
9C2C,
9C2C,
9C2C,
9C2C,
9C0C,
940C,
940C,
93EC,
8BEB,
8BEC,
8BCB,
8BCB,
83CB,
83CB,
83AB,
83AB,
838B,
7B8A,
7B8A,
7B6A,
7B6A,
7B6A,
7B6A,
7B6A,
7B6A,
7B6A,
7B6A,
7B6A,
7B6A,
7B6A,
7B6A,
7B6A,
7B6A,
7B6A,
7B6A,
7B6A,
7B6A,
7B6B,
7B8B,
838B,
83AB,
83AC,
83AC,
83AC,
83AC,
83AC,
83AC,
83AC,
83AC,
83AC,
83AC,
83AC,
83AC,
7B8C,
7B6B,
732A,
6B09,
62C9,
62A8,
5A88,
5A87,
5A88,
5A88,
5AA8,
62A8,
62C8,
62C8,
62C8,
62C8,
62C8,
62C8,
62E8,
62E8,
62E9,
6309,
6B09,
6B29,
6B0A,
6B2A,
6B2A,
6B2A,
6B2A,
6B2A,
6B2A,
6B2A,
6309,
62E9,
5AA8,
5267,
4A46,
4A26,
41E5,
3983,
3163,
3143,
2922,
2922,
2922,
2922,
2922,
2902,
0021,
0020,
0020,
0020,
0020,
0020,
0021,
0021,
0021,
0040,
0020,
0020,
0860,
18E2,
2943,
3143,
3143,
3123,
2902,
2902,
2902,
2902,
2923,
3144,
18C2,
0820,
0000,
0820,
0000,
0000,
0020,
0020,
0020,
0020,
0020,
0020,
0020,
0020,
0020,
0020,
0020,
0020,
0020,
0840,
0840,
1060,
20C2,
3164,
49E5,
4A06,
5A67,
62C9,
7B4B,
8BED,
9C6E,
A48F,
A48F,
A48F,
9C6F,
9C4E,
9C4E,
9C4E,
9C4E,
9C4E,
A46F,
A4B0,
ACD0,
ACF1,
ACF1,
ACF1,
ACD0,
A4B0,
9C8F,
9C4E,
942D,
942E,
9C4E,
9C6E,
9C4E,
9C4E,
9C4E,
9C4E,
9C4E,
942E,
942E,
942D,
942D,
942D,
942D,
942D,
942D,
942D,
942D,
942D,
942C,
942C,
9C2C,
9C2C,
9C2C,
9C2C,
9C2C,
9C2C,
9C0C,
940C,
940C,
940C,
8BEC,
8BEB,
8BEB,
8BCB,
8BCB,
8BCB,
83CB,
83AB,
83AB,
7B8A,
7B8A,
7B6A,
7B6A,
7B6A,
7B6A,
7B6A,
7B6A,
7B6A,
7B6A,
7B6A,
7B6A,
7B6A,
7B6A,
7B6A,
7B6A,
7B6A,
7B6A,
7B6A,
7B6A,
7B6A,
7B6A,
7B6B,
838B,
838B,
83AB,
83AC,
83AB,
83AB,
838C,
838B,
838C,
838C,
83AC,
83AC,
838C,
7B6B,
732A,
6AE9,
62A8,
5A67,
5A67,
5247,
5226,
5226,
4A06,
4A06,
4A06,
4A06,
4A26,
4A26,
5226,
5226,
5247,
5267,
5A87,
5AA8,
5AC8,
62E9,
62E9,
62E9,
62E9,
6B09,
6B2A,
6B2A,
6B2A,
6B2A,
6B2A,
6B2A,
6B0A,
6309,
62C9,
5A88,
5247,
4A46,
41E5,
3183,
3143,
3143,
2922,
2922,
2922,
2922,
2922,
2902,
0020,
0020,
0020,
0020,
0020,
0020,
0020,
0020,
0021,
0021,
0020,
0020,
0840,
18C1,
2943,
3163,
3163,
3143,
2922,
2902,
2922,
2922,
2943,
3144,
2103,
0820,
0000,
0820,
0000,
0000,
0020,
0020,
0020,
0020,
0020,
0020,
0020,
0820,
0020,
0020,
0020,
0020,
0020,
0840,
0840,
0840,
18A1,
2923,
41C5,
5206,
5A87,
6B0A,
83AC,
942E,
A48F,
A48F,
A48F,
9C6F,
942E,
940D,
940D,
940D,
8BED,
8BED,
8BED,
942E,
A46F,
ACB0,
ACF1,
ACF0,
A4D0,
A4AF,
A48F,
9C6F,
944E,
944E,
9C4E,
9C4E,
9C4E,
9C6E,
9C4E,
9C4E,
9C4E,
942E,
942E,
942E,
942D,
942D,
942D,
942D,
942D,
942D,
942D,
942D,
942C,
942C,
942C,
942C,
9C2C,
9C2C,
9C2C,
9C2C,
940C,
940C,
940C,
93EB,
8BEB,
8BCB,
8BCB,
8BCB,
8BCB,
8BCB,
83AB,
83AB,
838B,
7B8A,
7B6A,
7B6A,
7B6A,
7B6A,
7B6A,
7B6A,
7B6A,
7B6A,
7B6A,
7B6A,
7B6A,
7B4A,
7B4A,
7B4A,
7B4A,
7B4A,
7B4A,
7B4A,
7B4A,
7B4A,
7B6A,
7B6A,
7B8B,
838B,
838B,
838B,
838B,
838B,
83AC,
838B,
838C,
838C,
83AC,
838C,
7B4B,
730A,
62A8,
5A67,
4A06,
49E5,
49E5,
41C5,
41A4,
41A4,
3984,
3984,
3984,
3984,
3984,
39A4,
39A4,
41A4,
41E5,
4A05,
5246,
5267,
5A87,
5AA8,
5AC8,
62E9,
62E9,
62E9,
6B09,
6B2A,
6B2A,
6B2A,
6B2A,
6B2A,
6B2A,
6B0A,
62E9,
5AA8,
5267,
4A26,
41E5,
3983,
3163,
3143,
2943,
2922,
2922,
2922,
2922,
2902,
0021,
0021,
0020,
0020,
0020,
0020,
0021,
0021,
0041,
0020,
0040,
0040,
0020,
10A1,
2943,
3164,
3163,
3143,
2922,
2922,
2922,
2923,
3143,
3164,
2924,
0820,
0000,
0820,
0000,
0020,
0020,
0000,
0020,
0020,
0020,
0020,
0820,
0820,
0020,
0020,
0000,
0040,
0041,
0841,
0861,
0840,
1080,
2102,
41A5,
5226,
62A8,
734A,
83CC,
944E,
9C8F,
9C8F,
9C8F,
9C4E,
940D,
83CC,
838B,
7B6B,
7B4A,
734A,
7B4A,
836B,
8BCC,
9C4E,
A4B0,
ACD0,
A4B0,
A48F,
A48F,
9C6F,
9C4E,
9C4E,
9C4E,
9C4E,
9C4E,
9C6E,
9C4E,
9C4E,
9C4E,
9C4E,
942E,
942E,
942D,
942D,
942D,
942D,
942D,
942D,
942D,
942D,
942C,
942C,
9C0C,
9C0C,
9C2C,
9C2C,
9C2C,
9C0C,
940C,
93EC,
940C,
93EB,
8BCB,
8BCB,
8BCB,
8BCB,
8BCB,
83AB,
83AB,
838B,
7B8A,
7B6A,
7B6A,
7B6A,
7B4A,
7B4A,
7B6A,
7B6A,
7B6A,
7B6A,
7B6A,
7B6A,
7B4A,
7B4A,
7B49,
7B49,
7B49,
7B49,
7B4A,
7B4A,
7B4A,
7B4A,
7B4A,
7B6A,
7B6B,
7B8B,
838B,
7B8B,
7B6B,
7B6B,
838B,
7B6B,
7B6B,
7B6B,
7B4B,
730A,
62A8,
5A67,
5226,
49C5,
4184,
3984,
3963,
3143,
3122,
3122,
3123,
3123,
3122,
3122,
3122,
3143,
3163,
3163,
39A4,
41C5,
4205,
4A26,
5267,
5287,
5AA8,
5AA8,
5AC8,
62C8,
62E9,
6309,
6B0A,
6B2A,
6B2A,
6B2A,
6B2A,
6B0A,
6309,
62C8,
5267,
4A26,
41E5,
3984,
3163,
3143,
2922,
2922,
2922,
2902,
2902,
2902,
0021,
0020,
0020,
0020,
0020,
0020,
0021,
0021,
0041,
0020,
0041,
0040,
0020,
10A0,
2143,
3184,
3163,
3143,
2922,
2922,
2922,
2923,
3143,
3164,
3165,
0840,
0000,
0820,
0000,
0020,
0020,
0000,
0020,
0020,
0020,
0020,
0820,
0820,
0020,
0020,
0000,
0021,
0041,
0841,
0881,
0860,
1060,
20E2,
41A5,
5226,
6AE9,
7B6B,
8BED,
944E,
9C8F,
9C8F,
9C8F,
9C4E,
8BED,
7B8B,
732A,
6AE9,
6AC8,
62A8,
62A8,
6AC9,
732A,
83CC,
944E,
A48F,
A48F,
A48F,
A48F,
9C6F,
9C6E,
9C4E,
9C4E,
9C4E,
9C4E,
9C6E,
9C4E,
9C4E,
9C4E,
9C4E,
9C4E,
942E,
942D,
942D,
942D,
942D,
942D,
942D,
942D,
940D,
942C,
942C,
9C0C,
9C0C,
9C2C,
9C2C,
9C2C,
9C0C,
940C,
93EB,
93EB,
93EB,
8BCB,
8BCB,
8BCB,
83CB,
83AB,
83AB,
83AB,
838B,
7B6A,
7B6A,
7B4A,
7B4A,
7B4A,
7B4A,
7B4A,
7B4A,
7B4A,
7B6A,
7B6A,
7B6A,
7B4A,
7349,
7349,
7349,
7349,
7349,
7349,
7349,
7B4A,
7B4A,
7B4A,
7B6A,
7B6B,
7B6B,
7B8B,
7B6B,
7B6B,
7B6B,
7B4B,
7B4B,
7B4B,
732A,
6AE9,
5A67,
5206,
41C5,
3984,
3943,
3123,
3143,
3123,
2902,
2902,
2902,
28E2,
28E2,
28E2,
28E2,
2902,
2922,
3142,
3143,
3183,
39A4,
41C5,
41E5,
4A26,
4A46,
5267,
5287,
5AA8,
5AA8,
62C8,
62E9,
62E9,
6B09,
6B0A,
6B0A,
6B2A,
6B2A,
6B0A,
62E9,
5A87,
4A26,
41E5,
39A4,
3163,
3143,
2922,
2902,
2102,
2102,
2902,
2102,
0020,
0020,
0040,
0040,
0040,
0040,
0021,
0021,
0021,
0020,
0020,
0020,
0040,
0880,
2102,
31A4,
3163,
3163,
3143,
2922,
2943,
2923,
3143,
3185,
3165,
1061,
0000,
0020,
0020,
0000,
0020,
0020,
0020,
0020,
0020,
0020,
0040,
0040,
0040,
0020,
0020,
0020,
0020,
0840,
0861,
1081,
1081,
18C2,
3984,
5247,
6B0A,
7B8C,
8BED,
942E,
9C6E,
A48F,
A48F,
942D,
83AB,
732A,
6AC8,
6287,
5A47,
5A26,
5A47,
5A47,
6288,
7309,
838C,
9C4E,
A4B0,
9C6F,
9C6F,
9C6F,
9C6F,
9C6F,
9C4E,
9C6F,
9C6F,
9C4E,
9C4E,
9C4E,
9C4E,
9C4E,
9C2E,
9C2E,
942D,
942D,
9C2D,
9C2D,
9C2D,
940D,
940D,
9C0D,
9C0C,
940C,
9C2C,
9C2C,
9C0C,
9C0C,
940C,
940C,
940C,
93EB,
93EB,
8BEB,
8BEB,
8BCB,
83CB,
83AB,
83AB,
83AB,
838B,
7B8A,
7B6A,
7349,
7349,
7349,
7349,
7349,
7B4A,
7B6A,
7B6A,
734A,
7349,
7349,
7349,
7349,
7349,
7329,
7329,
7329,
7329,
7B4A,
7B4A,
7B4A,
7B4A,
7B6B,
7B6B,
7B6B,
7B6B,
7B6B,
7B6B,
7B6B,
7B4B,
7B4B,
730A,
62A8,
5226,
49E5,
3964,
3123,
3122,
2902,
28E2,
20C1,
20C1,
20A1,
18A1,
18A1,
20A1,
20A1,
18A1,
20A1,
20C1,
20E1,
2902,
2922,
3143,
3163,
39A4,
39C4,
41E5,
4205,
4A26,
5247,
5267,
5A87,
5AA8,
62C8,
62E9,
62E9,
6AE9,
6B2A,
6B0A,
6B2A,
6B2A,
6B09,
5AA8,
5246,
4205,
41C5,
3184,
3163,
2943,
2922,
2102,
2102,
2102,
2122,
0040,
0040,
0040,
0040,
0040,
0020,
0021,
0021,
0021,
0020,
0020,
0020,
0020,
0880,
1902,
3184,
3163,
3163,
3143,
3123,
3143,
2943,
3143,
3184,
3185,
1081,
0000,
0820,
0020,
0020,
0020,
0020,
0020,
0020,
0020,
0020,
0040,
0040,
0020,
0020,
0020,
0020,
0841,
0841,
0861,
1081,
10A1,
18C2,
3164,
5226,
6AE9,
7B6B,
8BED,
9C4E,
9C6F,
A48F,
9C6E,
8BEC,
7B6A,
6AE8,
6287,
5A46,
5205,
49C5,
41A4,
49C5,
5206,
6288,
730A,
83AC,
9C4F,
A48F,
9C6F,
9C6F,
9C6F,
9C6F,
9C4E,
9C6F,
9C6F,
9C6F,
9C4E,
9C4E,
9C4E,
9C4D,
9C2E,
942D,
942D,
942D,
9C2D,
9C2D,
9C2D,
9C2D,
9C2D,
9C0C,
9C0C,
9C0C,
9C2C,
9C2C,
9C0C,
9C0C,
940C,
940C,
940C,
93EB,
8BEB,
8BEB,
8BCB,
8BCB,
83AB,
83AB,
83AB,
83AB,
7B8A,
7B6A,
7B4A,
7329,
7329,
7329,
7349,
7349,
7B4A,
7B4A,
734A,
7349,
7349,
7349,
7349,
7349,
7329,
7329,
7329,
7329,
7329,
7329,
732A,
734A,
7B4A,
7B4A,
7B4B,
7B6B,
7B6B,
7B6B,
734A,
732A,
730A,
6AE9,
62A8,
5226,
4184,
3123,
2902,
28E2,
20C1,
20C1,
18A1,
1881,
1860,
1060,
1040,
1040,
1040,
1040,
1060,
1860,
1880,
18A1,
20E1,
2102,
2922,
3143,
3163,
39A4,
41C4,
41E5,
4A26,
5246,
5246,
5A67,
5A88,
62A8,
62C9,
6AE9,
6AE9,
6B0A,
6B09,
6B0A,
6B2A,
6B09,
5AC8,
5247,
4205,
41E5,
3184,
3163,
2943,
2923,
2122,
2122,
2122,
2122,
0040,
0040,
0040,
0040,
0040,
0020,
0021,
0021,
0021,
0000,
0020,
0020,
0020,
0860,
1902,
3184,
3184,
3964,
3143,
3143,
3143,
2943,
3143,
3184,
3185,
1081,
0020,
0820,
0020,
0020,
0020,
0020,
0020,
0020,
0020,
0040,
0840,
0840,
0020,
0020,
0000,
0020,
0841,
0841,
1061,
1081,
10A1,
18E2,
3143,
4A06,
62C9,
7B6B,
8BED,
9C6F,
A48F,
A4AF,
9C6E,
8BEC,
7B4A,
6AC8,
5A67,
5206,
49C5,
4184,
4184,
41A4,
41A4,
49C5,
5A47,
730A,
83AC,
942E,
9C4E,
9C4F,
9C6F,
9C6F,
9C6F,
9C6F,
9C6F,
9C6F,
9C4E,
9C4E,
9C4E,
9C4E,
9C2E,
9C2E,
942D,
942D,
9C2D,
9C2D,
9C2D,
9C2D,
9C2D,
9C2C,
9C2C,
9C2C,
9C2C,
9C0C,
9C0C,
9C0C,
940C,
940C,
940C,
93EB,
8BEB,
8BEB,
8BCB,
8BCB,
83AB,
83AB,
838B,
838B,
7B6A,
7B4A,
7329,
7329,
7329,
7329,
7329,
7329,
7349,
7329,
7329,
7329,
7329,
7329,
7329,
7329,
7309,
7309,
7309,
7309,
7329,
7329,
732A,
732A,
7B4A,
734A,
732A,
7B4B,
7B4B,
732A,
7309,
6AE9,
62A8,
5A67,
49E5,
3963,
2902,
20A1,
20A1,
20A1,
1880,
1880,
1060,
1060,
1040,
1040,
1040,
1040,
1020,
1020,
1040,
1040,
1860,
1880,
18A1,
20C1,
2902,
2922,
3143,
3163,
3984,
41C5,
4A05,
4A26,
5226,
5A67,
5A87,
62A8,
62E9,
6AE9,
6AE9,
6B0A,
6B0A,
6B0A,
6B2A,
6B2A,
62E9,
5267,
4A26,
4205,
39A4,
3184,
2943,
2943,
2922,
2922,
2922,
2922,
0040,
0040,
0040,
0040,
0040,
0020,
0020,
0020,
0021,
0000,
0020,
0020,
0020,
0860,
1902,
3184,
3184,
3983,
3163,
3143,
3143,
2942,
2943,
3164,
3185,
18A2,
0020,
0020,
0020,
0020,
0020,
0020,
0020,
0020,
0020,
0040,
0840,
0840,
0020,
0020,
0020,
0020,
0841,
0861,
1061,
1081,
10A1,
20E2,
3163,
5226,
6AE9,
7B6B,
940D,
9C6F,
A4AF,
A4B0,
9C6F,
940D,
7B4A,
6AC8,
5A67,
51E5,
41A4,
4184,
3943,
3963,
3943,
3122,
4184,
5A47,
6AE9,
83AC,
940E,
9C2E,
9C4F,
9C4F,
9C6F,
9C6F,
9C6F,
9C6F,
9C4E,
9C4E,
9C4E,
9C4E,
9C2E,
9C2E,
9C2E,
9C2E,
9C2D,
9C2D,
9C2D,
9C2D,
9C2D,
9C2D,
9C2C,
9C2C,
9C2C,
9C0C,
9C0C,
9C0C,
940C,
940C,
940C,
93EB,
8BEB,
8BEB,
8BCB,
8BCB,
83AB,
83AB,
838B,
838A,
7B6A,
7349,
7329,
7309,
7309,
7329,
7329,
7329,
7329,
7329,
6B09,
6B09,
6B08,
6B08,
6B08,
6B08,
7309,
7309,
7309,
7309,
7309,
7309,
732A,
732A,
732A,
7B4A,
732A,
730A,
6AE9,
6AE9,
6AE9,
6AC9,
5A67,
41C5,
3122,
28E1,
28C1,
20A1,
1880,
1880,
1860,
1860,
1060,
1060,
1060,
1060,
1060,
1060,
1040,
1040,
1040,
1040,
1860,
1880,
18A1,
20C1,
20E2,
2902,
2922,
3143,
3963,
39A4,
41E5,
4A06,
4A26,
5247,
5A87,
62A8,
6AE9,
6AE9,
6B09,
6B2A,
6B2A,
6B0A,
6B2A,
6B2A,
6B09,
5AA8,
4A46,
4A05,
39C5,
39A4,
3163,
2943,
2922,
2922,
2122,
2922,
0040,
0040,
0040,
0040,
0040,
0020,
0020,
0020,
0020,
0000,
0020,
0020,
0020,
0840,
18E2,
3184,
3184,
3983,
3163,
3143,
3163,
2942,
2943,
3164,
3185,
18C2,
0820,
0020,
0020,
0020,
0020,
0020,
0000,
0020,
0020,
0040,
0840,
0840,
0020,
0020,
0020,
0841,
0840,
0861,
1061,
1081,
18C2,
2923,
39A4,
5A87,
7B4B,
8BED,
9C4E,
A4B0,
ACD0,
ACD0,
9C6F,
940D,
7B6B,
6AC8,
5A67,
49E5,
41A4,
4184,
3943,
3123,
3143,
3123,
3123,
3943,
49E5,
6AEA,
8BCD,
940E,
9C2E,
9C4F,
9C6F,
9C6F,
9C4F,
9C6F,
9C4F,
9C4E,
9C4E,
9C4E,
9C2E,
9C2E,
9C2E,
942D,
9C2D,
9C2D,
9C2D,
9C2D,
9C2D,
9C2D,
9C2C,
9C2C,
9C2C,
9C2C,
9C0C,
9C0C,
940C,
940C,
940C,
93EB,
93EB,
93EB,
8BCB,
8BCB,
83AB,
83AB,
838A,
7B6A,
7B4A,
7329,
7309,
6AE8,
6B08,
7309,
7329,
7329,
7329,
7309,
6B08,
6AE8,
6AE8,
6AE8,
6AE8,
6AE8,
7309,
7309,
7309,
7309,
7309,
7309,
732A,
732A,
732A,
7B4B,
732A,
6AE9,
62C9,
6AC9,
62A8,
5247,
41C5,
3122,
20C1,
20A0,
20C1,
20A0,
1880,
1880,
1880,
1860,
1860,
1060,
1060,
1060,
1040,
1040,
1040,
1040,
1040,
1040,
1060,
1860,
18A1,
20C1,
20C1,
20E2,
2902,
2922,
3143,
3984,
41A4,
41C5,
4A05,
5246,
5A67,
62A8,
6AE9,
6B09,
6B09,
732A,
732A,
6B2A,
6B2A,
6B2A,
6B2A,
62E9,
5287,
4A46,
41E5,
39A4,
3163,
2943,
2922,
2922,
2922,
2922,
0040,
0040,
0040,
0040,
0040,
0020,
0020,
0020,
0020,
0000,
0020,
0020,
0020,
0040,
18E1,
2984,
3184,
3983,
3163,
3163,
3163,
3143,
2943,
3164,
3185,
20E3,
0840,
0020,
0020,
0020,
0020,
0020,
0020,
0020,
0020,
0020,
0040,
0840,
0020,
0020,
0020,
0020,
0840,
0840,
1081,
18A1,
2923,
39A5,
5267,
734A,
8C0D,
9C6F,
A4B0,
ACF0,
ACD0,
ACD0,
9C6F,
940D,
7B4A,
6AC8,
5A47,
49E5,
41A4,
3984,
4184,
2902,
3103,
3122,
30E2,
28C1,
3102,
5227,
7B4B,
8BED,
9C2F,
9C2E,
9C6F,
9C6F,
9C4F,
9C6F,
9C4F,
9C4F,
9C4E,
9C4E,
9C2E,
9C2E,
942D,
942D,
9C2D,
9C2D,
9C4D,
9C4D,
9C4D,
9C4D,
9C2D,
9C2C,
9C2D,
9C2C,
9C2C,
9C0C,
940C,
940C,
940C,
940C,
93EB,
93EB,
8BCB,
8BCB,
83AB,
83AA,
838A,
7B6A,
7B4A,
7329,
7309,
6AE8,
6B08,
6B08,
7309,
7309,
7309,
6AE8,
6AE8,
6AC8,
62C8,
6AE8,
6AE8,
6AE8,
6B08,
7308,
7309,
7309,
7309,
7329,
732A,
732A,
732A,
732A,
6AE9,
62A8,
62C8,
62A8,
5226,
3963,
28E1,
20C1,
20A0,
20A0,
1880,
1860,
1860,
1860,
1860,
1860,
1860,
1860,
1860,
1060,
1060,
1060,
1040,
1040,
1040,
1040,
1040,
1860,
18A1,
20C1,
20C1,
20C1,
20E1,
2902,
2922,
3163,
3984,
41A4,
49E5,
5226,
5A67,
5AA8,
62E9,
6AE9,
6B09,
732A,
734A,
732A,
6B2A,
734A,
734A,
6B2A,
5AC8,
5287,
4A26,
41C5,
3184,
3143,
2943,
2922,
2922,
2922,
0020,
0020,
0020,
0020,
0020,
0020,
0020,
0020,
0020,
0000,
0020,
0020,
0020,
0040,
10C1,
2964,
3984,
3984,
3183,
3163,
3163,
3143,
2943,
3164,
3184,
2103,
0840,
0020,
0020,
0020,
0020,
0020,
0020,
0020,
0020,
0020,
0040,
0040,
0040,
0040,
0840,
0840,
0841,
1081,
20E2,
2944,
41E6,
5AA9,
7B6B,
942E,
A4B0,
ACD0,
ACF0,
B511,
ACF1,
ACD0,
A48F,
8BED,
732A,
6288,
5226,
49E5,
41A4,
3984,
3143,
3144,
41C6,
41A5,
3103,
28C2,
28C1,
3964,
5A68,
838C,
942F,
942E,
9C4F,
A46F,
9C6F,
9C6F,
9C6F,
9C6F,
9C6F,
9C4F,
9C4E,
9C4E,
9C2E,
9C2E,
9C2D,
9C4D,
9C4D,
9C4D,
9C4D,
9C4D,
9C4D,
9C2D,
A44D,
9C2D,
9C2C,
9C2C,
940C,
940C,
940C,
93EC,
93EB,
8BEB,
8BCB,
8BAB,
83AB,
83AA,
7B6A,
7B6A,
7B49,
7329,
7308,
6AE8,
6AE8,
6AE8,
6B08,
6B08,
6AE8,
6AC8,
62A7,
62A7,
62C7,
6AC8,
6AE8,
6AE8,
6B08,
7309,
7329,
7329,
732A,
732A,
732A,
732A,
730A,
6AE9,
62A8,
6288,
5A67,
4A06,
3963,
20C1,
1880,
1880,
1880,
20A0,
1880,
1880,
1860,
1880,
1880,
1880,
1880,
1880,
1880,
1880,
1860,
1860,
1860,
1040,
1040,
1040,
1060,
1860,
1881,
20C1,
20C1,
20C1,
20C1,
28E2,
2902,
3143,
3984,
41A4,
49E5,
5226,
5267,
5A88,
62C9,
6AE9,
6B09,
732A,
734B,
732A,
6B2A,
734A,
734B,
6B2A,
62E9,
5AC8,
5267,
4A06,
39A4,
3163,
3143,
3142,
2943,
2922,
0020,
0020,
0020,
0020,
0020,
0020,
0020,
0020,
0020,
0000,
0020,
0020,
0000,
0020,
10A1,
2963,
39A4,
3984,
3983,
3163,
3163,
3142,
2942,
3163,
31A5,
2103,
0861,
0020,
0841,
0020,
0020,
0020,
0820,
0020,
0020,
0020,
0020,
0040,
0040,
0040,
0861,
0861,
1082,
20E3,
3164,
41E6,
62C9,
7BAC,
9C6F,
ACF0,
B511,
ACF0,
ACF0,
B511,
B511,
ACF0,
A4AF,
8BED,
7309,
5A67,
5226,
49E5,
4184,
3964,
3964,
6289,
8BEE,
732B,
41A5,
3103,
20A1,
20C1,
49C5,
732B,
940E,
940E,
9C4F,
A470,
9C6F,
A490,
A490,
A490,
A46F,
A46F,
9C6F,
9C6F,
9C4E,
9C4E,
9C2D,
9C4D,
9C4D,
9C4D,
9C4D,
9C4D,
9C4D,
9C4D,
A44D,
9C4D,
9C2C,
9C2C,
9C2C,
940C,
940C,
93EC,
93EB,
8BEB,
8BCB,
8BAB,
83AB,
838A,
7B6A,
7B4A,
7329,
7329,
7308,
6AE8,
6AE8,
6AE8,
6AE8,
6AE8,
6AC8,
62C7,
62A7,
62A7,
62A7,
6AC8,
6AE8,
6AE8,
6B08,
7329,
732A,
7B4A,
7B6A,
7B4A,
732A,
732A,
730A,
6AC9,
6288,
5A67,
4A06,
3963,
20C1,
1880,
1880,
1880,
1880,
20A0,
20C1,
20C1,
20A1,
20A1,
18A1,
18A1,
1881,
1881,
1881,
1860,
1860,
1040,
1861,
1841,
1040,
1040,
1040,
1060,
1881,
18A1,
20E2,
20E2,
20E2,
28E2,
2902,
3143,
3963,
3984,
49E5,
5226,
5267,
5A88,
62C9,
6AE9,
6B0A,
732A,
734A,
732A,
734A,
734B,
734B,
6B2A,
6309,
62E9,
5AA8,
4A46,
41C4,
3163,
3163,
3143,
2922,
2922,
0020,
0020,
0020,
0020,
0020,
0020,
0020,
0020,
0020,
0020,
0020,
0000,
0020,
0020,
0880,
2943,
39A4,
39A4,
3983,
3163,
3183,
3163,
2943,
3163,
3184,
2943,
0861,
0020,
0020,
0020,
0840,
0020,
0020,
0020,
0020,
0020,
0020,
0020,
0040,
0840,
0861,
0861,
18A2,
2903,
39A5,
5A88,
7B8C,
946F,
ACF0,
B511,
B511,
B511,
B531,
B551,
B511,
ACF0,
9C8F,
940D,
730A,
5247,
5226,
49E5,
41A5,
41A5,
5A68,
A4D1,
D637,
9C70,
41C6,
28E2,
28E3,
20A1,
2903,
5247,
838C,
940E,
9C4F,
A490,
A4B0,
A490,
A4B0,
ACB0,
A4B0,
A490,
A48F,
A46F,
A46E,
A46E,
9C4E,
9C4E,
A44E,
9C4D,
9C4D,
9C4D,
A44D,
A44D,
A44D,
A44D,
9C4D,
9C2C,
9C2C,
9C2C,
9C0C,
940C,
940C,
8BEB,
8BAB,
83AA,
83AB,
838A,
7B6A,
7B4A,
7B49,
7329,
7309,
7308,
6AE8,
6AE8,
6AE8,
6AC8,
62C7,
62A7,
62A7,
62A7,
62A7,
6AC8,
6AE8,
7309,
7329,
732A,
7B4A,
7B6B,
7B6B,
7B4B,
732A,
730A,
62C9,
62A8,
5A67,
41C5,
3122,
28C1,
20A0,
2080,
1880,
28E1,
2902,
28E2,
2902,
2902,
20C1,
1880,
18A1,
1881,
1881,
1881,
1881,
1880,
1861,
1060,
1040,
1861,
1861,
1861,
1060,
1040,
1860,
20C2,
20C1,
28E2,
28E2,
2902,
3123,
3964,
41C5,
4A06,
5A67,
5A67,
5A88,
62C8,
6AE9,
730A,
732A,
732A,
734A,
734B,
734B,
734A,
734A,
734B,
6B2A,
6B09,
62E9,
5A87,
4A05,
39A4,
3963,
3163,
3143,
3143,
0020,
0020,
0020,
0020,
0020,
0020,
0020,
0020,
0020,
0020,
0020,
0000,
0020,
0020,
0860,
2943,
39A4,
39A4,
3984,
3183,
3183,
3163,
2943,
3163,
3184,
2944,
1061,
0020,
0040,
0020,
0840,
0020,
0020,
0020,
0020,
0020,
0020,
0020,
0040,
0840,
0861,
1081,
18C2,
3164,
4A07,
6B0A,
8C0E,
A4D0,
AD11,
B511,
B531,
B531,
B551,
B551,
B511,
ACF0,
A48F,
8BCC,
6B09,
5A67,
4A06,
41A4,
3964,
3984,
7B6C,
BDB5,
AD13,
6289,
3144,
2903,
2903,
20C2,
2081,
3964,
6289,
8BCD,
A490,
A4B0,
A4B0,
ACD1,
ACB0,
ACB0,
ACB0,
A4B0,
A48F,
A48F,
A46E,
A46E,
9C4E,
9C6D,
A44D,
A44D,
9C4D,
9C4D,
A44D,
A44D,
A44D,
A44D,
9C4D,
9C2C,
9C2C,
9C2C,
9C2C,
940C,
940C,
8BEB,
8BAB,
83AA,
83AB,
838A,
7B6A,
7B4A,
7329,
7329,
7309,
7308,
7308,
6AE8,
6AE8,
6AC8,
62C7,
62A7,
62A7,
62A7,
62C7,
6AE8,
7309,
7329,
7B4A,
7B4A,
7B6B,
7B6A,
7B4B,
7B4A,
730A,
6AC9,
62A8,
5247,
41C5,
3122,
20C1,
20A0,
20A0,
20A0,
2902,
3963,
3984,
3143,
2902,
28E1,
20A1,
1880,
1880,
1880,
1880,
1881,
1881,
1881,
1861,
1860,
1040,
1040,
1040,
1040,
1040,
1040,
1880,
20C2,
2902,
2902,
28E2,
2902,
3984,
4A06,
5A67,
62A8,
6AC9,
6AE9,
6AE9,
730A,
732A,
734B,
7B4B,
7B4B,
734B,
734B,
734A,
734A,
734A,
734B,
6B4A,
6B2A,
62E9,
5AA8,
4A26,
41E5,
41A4,
3984,
3984,
3984,
0020,
0020,
0020,
0020,
0020,
0020,
0020,
0020,
0020,
0020,
0020,
0000,
0020,
0020,
0860,
2123,
39A4,
39C4,
39A4,
3983,
3183,
3163,
2943,
3163,
3184,
2943,
1081,
0020,
0020,
0020,
0840,
0020,
0020,
0020,
0020,
0020,
0020,
0020,
0040,
0840,
0861,
1081,
2103,
39C5,
5AA9,
7BAC,
9C8F,
AD11,
B531,
B511,
B531,
BD52,
BD52,
B531,
B531,
A4CF,
940D,
7B6B,
6B09,
6288,
49E6,
3984,
3164,
3964,
62A9,
8C0E,
62A9,
3144,
3124,
20E2,
20C2,
20C2,
1880,
28C2,
41A5,
730A,
9C4F,
A4B0,
A4B0,
ACF1,
ACD1,
ACD0,
ACD0,
ACB0,
AC8F,
A48F,
A46E,
A46E,
A46E,
A46D,
A46D,
A44D,
A44D,
A44D,
A44D,
A44D,
A44D,
A44D,
A42D,
9C2C,
9C2C,
9C2C,
9C2C,
940C,
940C,
8BEB,
8BAB,
83AA,
838A,
838A,
7B6A,
7B4A,
7349,
7329,
7329,
7309,
7309,
7308,
6AE8,
6AE8,
6AC8,
6AC7,
62C7,
62C7,
6AC8,
7309,
7B4A,
7B6A,
7B6A,
7B8B,
7B6B,
7B4A,
7B4A,
734A,
6B0A,
62C9,
5A67,
41C5,
2902,
2080,
1880,
2080,
20A0,
20C1,
3122,
3964,
3964,
2922,
20E2,
20A1,
18A1,
18A1,
1880,
1880,
1881,
1881,
1881,
1861,
1861,
1060,
1061,
1861,
1061,
1060,
1860,
1040,
1880,
20C1,
20C2,
2903,
3143,
41C5,
5A67,
6AE9,
732A,
734B,
734B,
7B4B,
7B6B,
7B6B,
7B6B,
7B6B,
7B6B,
7B6B,
7B4B,
734B,
734A,
734A,
734A,
734A,
6B4A,
6B2A,
6B0A,
62C8,
5A87,
5246,
4A05,
41C5,
41C5,
41C5,
0020,
0020,
0020,
0020,
0020,
0020,
0020,
0020,
0020,
0020,
0020,
0020,
0020,
0020,
0840,
2102,
39A5,
41C5,
39A4,
3983,
3183,
3163,
3163,
3163,
3184,
2943,
10A1,
0020,
0020,
0020,
0020,
0020,
0020,
0020,
0020,
0020,
0020,
0020,
0040,
0860,
0840,
1081,
2923,
4A27,
734B,
942E,
A4D0,
B531,
B532,
B511,
B552,
BD72,
BD52,
BD52,
B511,
9C6E,
83AB,
7B6A,
734A,
62A8,
39A4,
2922,
2923,
28E2,
3144,
3985,
2923,
2923,
2923,
20A1,
20A1,
20C2,
2081,
28C2,
3103,
5206,
7B6B,
9C6F,
A4B0,
ACF1,
ACF1,
ACF0,
ACF0,
ACD0,
ACAF,
A48E,
A46E,
A46E,
A46D,
A46D,
A46D,
A46D,
A46D,
A46D,
A44D,
A44D,
A44D,
A44D,
9C2D,
9C2C,
9C2C,
9C2C,
9C2C,
940C,
940C,
8BCB,
8BAB,
838A,
838A,
838A,
7B6A,
7B49,
7329,
7329,
7329,
7329,
7329,
7329,
7309,
7308,
6AE8,
6AE8,
6AE8,
6B08,
7309,
7B4A,
7B6B,
838B,
7B8B,
838B,
7B6A,
732A,
732A,
732A,
6AE9,
5A88,
41C5,
3122,
2080,
1860,
1880,
2080,
20A0,
20C1,
28E2,
2902,
20E1,
20A1,
20A1,
20A1,
1880,
1880,
1860,
1860,
1860,
1060,
1060,
1060,
1040,
1040,
1040,
1040,
1040,
1040,
1040,
1040,
1881,
20C2,
2903,
39A5,
5247,
62C9,
732B,
7B6C,
838C,
838C,
83CD,
83CD,
83CD,
83CD,
83CD,
83AC,
83AC,
7B8C,
7B6B,
7B6B,
734A,
732A,
734A,
734A,
6B2A,
6B2A,
6B2A,
62E9,
5AA8,
5A87,
5226,
4A05,
41C5,
41C5,
0020,
0020,
0020,
0040,
0040,
0020,
0020,
0020,
0020,
0020,
0020,
0020,
0020,
0020,
0840,
18E2,
39A5,
41C5,
39C4,
3983,
3183,
3183,
3183,
3183,
3184,
2943,
18C1,
0840,
0020,
0820,
0020,
0020,
0820,
0820,
0020,
0820,
0040,
0040,
0040,
0860,
0860,
1081,
2923,
5247,
7B8C,
9C8F,
AD11,
B531,
B532,
B532,
BD72,
BD72,
BD52,
BD72,
B531,
944D,
7B8B,
734A,
734A,
62A8,
3163,
28E2,
2923,
2902,
2923,
2903,
2923,
2903,
20C2,
20A2,
20A2,
20A1,
2081,
20C1,
20C1,
3122,
5A47,
83AC,
A4B0,
B512,
B511,
B511,
B511,
ACF0,
ACAF,
A48E,
A46E,
A46E,
A46D,
A46D,
A44D,
A46D,
A46D,
A46D,
A44D,
A44D,
A42D,
A42D,
9C2C,
9C2C,
9C2C,
9C2C,
9C2C,
940C,
93EC,
8BCB,
8BAA,
838A,
838A,
836A,
7B4A,
7B49,
7329,
7329,
7329,
7329,
7329,
7329,
7329,
7309,
7309,
7309,
7329,
7B4A,
7B6A,
7B8B,
838B,
83AB,
7B8B,
7B6B,
7B4A,
7309,
6B09,
6AE9,
5A67,
49C5,
2902,
20A1,
1860,
1860,
1880,
1880,
20A0,
20C1,
20E1,
20E1,
20C1,
18A0,
20A1,
20C1,
1881,
1860,
1880,
1880,
1880,
1860,
1861,
1861,
1861,
1881,
1861,
1881,
1060,
1040,
1040,
1880,
28E2,
3964,
5247,
62C9,
732B,
7B6C,
838C,
838C,
83AC,
83AD,
8BCD,
8BCD,
8BED,
8BED,
8BED,
83CD,
83CC,
83AC,
838C,
7B6B,
734B,
734A,
734A,
6B2A,
6B2A,
6B0A,
6B2A,
6B09,
62C9,
5AA8,
5267,
4A26,
41E5,
41C5,
0020,
0020,
0020,
0040,
0040,
0040,
0040,
0040,
0020,
0020,
0020,
0020,
0020,
0020,
0020,
18C1,
39A5,
41C5,
39C5,
39A4,
3983,
3183,
3183,
3183,
3183,
2943,
20E2,
0840,
0840,
0840,
0020,
0020,
0820,
0820,
0020,
0840,
0840,
0840,
0840,
0860,
0860,
1081,
2923,
5247,
7BAC,
A4B0,
B531,
B531,
B531,
BD52,
BD73,
BD73,
BD72,
C593,
B531,
9C8F,
8BEC,
734A,
6B2A,
5A87,
3143,
18A0,
20E1,
2902,
20E2,
2903,
2923,
20E2,
20C2,
20C2,
20A1,
20C2,
20A1,
20A1,
20A1,
28E1,
41A4,
730A,
9C8F,
BD52,
B531,
BD31,
B531,
B510,
ACAF,
A48E,
A46E,
A46D,
A46D,
A44D,
9C4D,
A44D,
A46D,
A44D,
A44D,
9C4D,
9C2D,
9C2D,
9C2C,
9C2C,
9C2C,
9C2C,
9C2C,
940C,
93EC,
8BCB,
8BAA,
838A,
838A,
7B6A,
7B4A,
7B29,
7329,
7329,
7329,
7329,
7329,
7329,
7329,
7329,
7B49,
7B4A,
838A,
83AB,
83AB,
83AB,
83AB,
83AB,
7B8B,
7B6A,
7329,
6AC8,
62A8,
5247,
41A4,
2902,
20A1,
1880,
1860,
1880,
1880,
1880,
20A0,
20C1,
20C1,
20E1,
20E1,
20E1,
20C1,
20C1,
1881,
1880,
1881,
1881,
1881,
1880,
1860,
1860,
1860,
1861,
1880,
1881,
1880,
1881,
20E2,
3964,
5227,
62CA,
7B6C,
7BAD,
83AD,
83AD,
8BCD,
8BCD,
8BCD,
8BCD,
83CD,
83CD,
83CD,
8BCD,
8BED,
8BCD,
83CD,
83AC,
83AC,
7B8B,
7B6B,
734B,
734A,
734A,
6B2A,
6B2A,
6B2A,
6309,
62E9,
62C8,
5AA8,
5246,
4A05,
41E5,
0020,
0020,
0020,
0040,
0040,
0040,
0040,
0040,
0020,
0020,
0020,
0020,
0020,
0020,
0020,
10A1,
39A5,
41E5,
41C5,
39A4,
39A4,
39A3,
3183,
3184,
3183,
2943,
2102,
1060,
0840,
0860,
0020,
0840,
0820,
0820,
0820,
0840,
0840,
0840,
0860,
0860,
1080,
18A1,
2943,
5267,
83ED,
A4D0,
B531,
B511,
B531,
BD52,
BD72,
C593,
BD73,
BD72,
BD52,
B511,
A4D0,
942D,
83CC,
734A,
5246,
3984,
3163,
2923,
2923,
2923,
20E2,
2902,
2903,
20C2,
20A2,
20C2,
20C2,
20C2,
28E2,
28E2,
3943,
62A8,
9C6F,
BD52,
BD31,
BD51,
BD31,
B510,
ACAF,
A48E,
A46E,
A46D,
A44D,
9C4D,
9C4D,
9C4D,
A44D,
A44D,
9C4D,
9C2C,
9C2C,
9C2C,
9C0C,
9C0C,
9C2C,
9C2C,
9C0C,
940C,
93EC,
8BCB,
83AA,
838A,
836A,
7B6A,
7B4A,
7329,
7329,
7329,
7329,
7329,
7329,
7329,
7B49,
7B49,
838B,
83AB,
8BCC,
8BEC,
8BED,
8BEC,
8BCC,
83CC,
838B,
7B4A,
6AE9,
5A67,
49E5,
3984,
2902,
20A0,
20A1,
20A0,
1880,
1880,
20A0,
20A1,
20C1,
20C1,
18A0,
20E1,
20E1,
20E1,
20C1,
20C1,
20A1,
20C1,
18A1,
20A1,
20C1,
20C1,
20A2,
20A2,
20A2,
20C2,
20C2,
2902,
3144,
41A5,
5248,
6B0A,
7B8D,
8C0E,
8BEE,
8BEE,
8BEE,
8BCE,
8BEE,
93EE,
8BEE,
8BED,
8C0E,
8BED,
8BED,
8BED,
8BED,
8BCD,
8BCD,
83AC,
7B8B,
7B6B,
734B,
734B,
734A,
6B2A,
6B2A,
6B0A,
6B29,
6309,
62E9,
62E9,
62C8,
5267,
4A06,
41E5,
0841,
0020,
0020,
0040,
0040,
0040,
0040,
0020,
0020,
0020,
0841,
0020,
0040,
0020,
0020,
10A1,
3184,
41C5,
41E5,
39C4,
39A4,
39A4,
31A3,
3183,
3163,
2943,
2923,
1080,
0860,
1060,
0820,
0840,
0820,
0820,
0820,
0840,
0840,
0840,
0860,
0880,
1080,
18C1,
3164,
5AA8,
8C0D,
AD11,
B531,
B510,
B531,
BD52,
BD72,
BD73,
BD73,
BD52,
BD52,
C593,
C593,
B552,
AD11,
A4D0,
944F,
83ED,
7B8B,
62E9,
5267,
4A27,
3964,
3143,
20E2,
18A1,
3103,
20C2,
20A1,
20C2,
2902,
28E1,
3102,
62A8,
A48F,
BD52,
BD31,
BD51,
BD31,
B4F0,
ACCF,
A48E,
A46D,
A46D,
9C4D,
9C4D,
9C4D,
A44D,
A44D,
A44D,
A42D,
9C2C,
9C0C,
9C0C,
9C0C,
9C0C,
9C0C,
9C0C,
940C,
93EB,
93EC,
8BCB,
83AA,
838A,
836A,
7B69,
7B49,
7329,
7308,
7328,
7329,
7329,
7329,
7B49,
7B6A,
7B6A,
8BCB,
8BEC,
940D,
942D,
942D,
940D,
8BEC,
8BEC,
83AC,
7B4A,
62A8,
49E5,
3963,
2902,
28C1,
20C1,
20C1,
20A1,
1880,
1880,
20A0,
20C1,
20A1,
20A0,
20C1,
20E1,
20C1,
20A1,
20A1,
20C1,
20C1,
20C2,
3103,
3143,
3964,
3985,
41A5,
41C5,
41E6,
49E6,
5268,
62C9,
6B2B,
7B8C,
8C0E,
8C2F,
8C2F,
942F,
8C0E,
942E,
8BEE,
8BCE,
8BEE,
8BEE,
8BEE,
940E,
8BED,
8BED,
8BED,
83CD,
83AC,
838C,
7B6B,
7B6B,
7B4B,
734A,
732A,
734A,
734A,
6B2A,
6B0A,
6B09,
6B29,
6309,
6309,
62E9,
62C8,
5287,
4A06,
41C5,
0840,
0840,
0840,
0840,
0840,
0840,
0840,
0821,
0020,
0020,
0020,
0020,
0840,
0020,
0020,
0860,
3184,
41E5,
41C5,
39C4,
39C4,
39A4,
41C4,
39A4,
3163,
2943,
2102,
18C1,
18A0,
10A0,
18A1,
1080,
1080,
1080,
18A0,
18C1,
18C1,
20E1,
2102,
2102,
3183,
3984,
4A26,
734A,
9C8F,
ACF1,
ACF0,
ACF0,
B511,
B531,
BD52,
BD72,
BD72,
BD72,
BD72,
BD72,
BD73,
BD73,
BD73,
BD73,
BD73,
BD53,
B512,
ACF1,
9C4F,
8BED,
734B,
62A8,
5227,
49E6,
49C6,
49C5,
41A5,
49C5,
4184,
3122,
3943,
6AE9,
ACB0,
BD52,
BD31,
BD31,
B511,
B4F0,
ACAE,
A46E,
A44D,
A46D,
9C2C,
9C4C,
9C2C,
9C2C,
A44C,
A44D,
A42D,
9C0C,
9BEC,
9BEB,
93EB,
9BEC,
9C0C,
9C0C,
9C0C,
9C0C,
940C,
93EB,
8BAA,
838A,
8369,
7B49,
7B49,
7B28,
7328,
7328,
7329,
7B29,
7B49,
7B49,
7B8A,
83AB,
8BEC,
940C,
9C4E,
9C6E,
944D,
942D,
942D,
8C0D,
83AB,
734A,
5A87,
41A4,
3102,
28E1,
28C1,
28E1,
28C1,
20A0,
20A1,
20A1,
28A1,
28C1,
28E2,
3102,
3123,
3944,
3964,
3964,
3964,
41A4,
49E6,
5227,
62C9,
6B0A,
7B4B,
7B6B,
7B6B,
7B8C,
83AD,
83CD,
8C0E,
942E,
944E,
946F,
9C6F,
946F,
944F,
942E,
944F,
942E,
940E,
940E,
940E,
8BEE,
8BEE,
8BCD,
8BED,
8BED,
83CD,
83AC,
7B8C,
7B6B,
734A,
732A,
730A,
6B29,
6B09,
6B29,
6B29,
6B29,
6B09,
6309,
6B09,
62E8,
62E8,
62E9,
62C8,
5A87,
4A26,
41C4,
0840,
0840,
0840,
0840,
0821,
0821,
0821,
0821,
0020,
0821,
0020,
0840,
0840,
0020,
0020,
0860,
2943,
41E5,
41E5,
41E5,
41C5,
39C4,
39C4,
39A4,
39A4,
39A4,
39A4,
39A4,
39A4,
39C5,
41C5,
41C5,
4205,
4205,
4206,
4A26,
4A46,
4A47,
4A47,
4A67,
5287,
5AA8,
6B09,
8C0D,
A4D0,
AD11,
B511,
B511,
B511,
B531,
BD51,
BD52,
BD52,
BD72,
BD72,
BD72,
BD52,
BD52,
BD52,
BD52,
BD73,
BD52,
BD52,
B532,
B532,
B511,
A4B0,
9C6F,
940E,
83CD,
838C,
7B6B,
7B6B,
734B,
6AC9,
5206,
4A05,
732A,
ACD0,
BD52,
B531,
B510,
B4F0,
ACCF,
A48E,
9C4D,
9C4C,
9C4C,
9C2C,
9C2C,
9C2C,
9C2C,
A44C,
A44C,
A42C,
9C0C,
9BEB,
93EB,
93EB,
93EB,
9C0C,
9C0C,
9C0C,
9C0C,
940C,
93EB,
8BAA,
8389,
7B69,
7B49,
7B28,
7328,
7328,
7328,
7328,
7B48,
7B49,
7B49,
836A,
83AB,
8BCC,
940C,
944D,
9C4E,
944D,
944D,
942D,
8BEC,
838B,
7309,
5226,
3962,
28E1,
3101,
3122,
3122,
3122,
3102,
3102,
3123,
3943,
4184,
49C6,
5206,
5A67,
6288,
6AC9,
730A,
734B,
7B8C,
8BED,
942E,
9C90,
A4B0,
A4D1,
A4B0,
9C90,
9C8F,
9CB0,
9C8F,
946E,
9C6E,
9C6F,
9C6F,
9C6F,
946F,
944F,
942E,
942E,
942E,
8C0E,
8C0E,
8BED,
8BEE,
8BCD,
8BCD,
83CD,
83AC,
83AC,
7B8B,
7B6B,
734A,
732A,
732A,
6B09,
6B09,
6B09,
6B09,
6B09,
6B09,
6309,
6309,
6309,
62E8,
62E8,
62E8,
62C8,
5A87,
5246,
41C5,
0840,
0840,
0840,
0840,
0821,
0821,
0821,
0821,
0020,
0841,
0020,
0020,
0040,
0020,
0020,
0840,
2102,
41C5,
4206,
41E5,
41E5,
41E5,
41E5,
41E5,
4A26,
4A46,
5247,
5267,
5287,
5AA8,
5AA8,
5AA8,
5AC8,
5AC8,
5AC9,
5AE9,
62E9,
62E9,
62E9,
62E9,
62E9,
6B2A,
7B8B,
946E,
ACF0,
ACF0,
ACF0,
ACF0,
B511,
B511,
B531,
BD52,
BD52,
BD52,
BD72,
BD72,
BD52,
BD52,
BD52,
BD52,
BD52,
BD52,
BD52,
BD52,
B532,
B511,
B511,
B511,
B511,
B512,
AD12,
AD12,
ACF1,
ACD1,
942E,
7B6B,
7309,
8BCC,
ACF0,
B511,
B4F0,
ACCF,
ACAF,
A48E,
A46D,
9C2D,
9C2C,
9C0C,
9C2C,
9C2C,
9C2C,
A44C,
A42C,
A42C,
9C0C,
9BEB,
93CB,
93CB,
93CB,
93CB,
9BEC,
9C0C,
9C2C,
9C2C,
9C0C,
93EB,
8BAA,
838A,
8369,
7B49,
7B28,
7308,
7308,
7308,
7B28,
7B28,
7B49,
7B49,
836A,
83AB,
8BCB,
8C0C,
942D,
944D,
944D,
9C4E,
942D,
83CB,
7349,
62A7,
49C4,
3962,
41A3,
5225,
5A67,
5A67,
6288,
6288,
6288,
62A8,
6AEA,
732B,
838C,
8BCD,
940E,
942E,
9C4F,
9C6F,
9C90,
A4B0,
A4D1,
ACF1,
A4D1,
ACF1,
A4D0,
A4B0,
9C8F,
9C8F,
9C8F,
9C6F,
9C8F,
9C8F,
9C8F,
9C6F,
9C6F,
944E,
944E,
944E,
940E,
8C0E,
8BED,
8BED,
8BCD,
8BCD,
83AC,
83AC,
7B8C,
7B6B,
7B6B,
734A,
732A,
730A,
6B09,
6B09,
6AE9,
6AE9,
62E9,
62E9,
6309,
6309,
62E9,
62E9,
62E8,
62E8,
62E8,
62E8,
62C8,
5A87,
5246,
41E5,
0840,
0840,
0840,
0840,
0841,
0821,
0821,
0821,
0841,
0841,
0020,
0020,
0020,
0020,
0020,
0840,
18C1,
41C5,
4A06,
41E5,
4206,
4205,
4205,
4A26,
5267,
5287,
5AA8,
5AA8,
5AC8,
5AC8,
5AC9,
5AC8,
62C9,
62E9,
62E9,
62E9,
62E9,
62E9,
62E9,
62E9,
6309,
6B2A,
83CC,
9C8F,
ACF0,
ACF0,
ACF1,
B511,
B511,
B511,
B531,
B531,
BD52,
BD52,
BD52,
BD52,
BD52,
BD52,
BD52,
BD52,
BD52,
BD52,
BD52,
B531,
B531,
B531,
B511,
B511,
B532,
B552,
B552,
B552,
BD52,
B552,
ACF1,
9C6E,
940D,
9C4E,
ACD0,
ACCF,
ACAF,
A48E,
A46E,
9C6D,
9C4D,
9C4C,
9C2C,
9C2B,
9C2C,
9C2C,
A44C,
A44C,
A42C,
9C2C,
9C0B,
93EB,
93CA,
8BAA,
8B8A,
93AB,
93EB,
9C0C,
9C2C,
9C2C,
9C0C,
93EB,
8BAA,
838A,
8369,
7B49,
7B28,
7308,
7328,
7308,
7B28,
7B28,
7B49,
7B49,
836A,
838A,
83AB,
8BEB,
940D,
942D,
942D,
944D,
8BEC,
7B8A,
6AC8,
5245,
49E4,
5205,
6AE8,
83AB,
8BED,
8BCD,
8BED,
8BED,
940E,
942E,
9C4F,
A490,
A4B1,
ACD1,
ACD1,
ACF1,
ACF1,
ACF1,
ACD1,
A4D0,
A4D0,
A4D0,
A4D0,
ACF0,
A4D0,
A4D0,
A4B0,
A4CF,
A4B0,
9CAF,
9C8F,
9C8F,
9C6E,
944E,
944E,
944E,
942E,
942E,
8C0D,
8BED,
8BED,
83CC,
83AC,
838C,
838C,
7B6B,
7B4B,
734B,
732A,
730A,
6B09,
6B09,
6AE9,
6AE8,
6AE8,
6AE8,
62E8,
62E8,
62E8,
62E8,
62E9,
62E9,
62E8,
62E8,
62C8,
62C8,
5AA8,
5AA7,
5247,
41E5,
0840,
0840,
0840,
0840,
0841,
0841,
0841,
0841,
0841,
0841,
0020,
0020,
0840,
0840,
0020,
0820,
18A1,
39A5,
4A06,
41E5,
4206,
4A06,
41E5,
4A46,
5267,
5AA8,
5AC8,
5AC8,
5AC8,
62C8,
62C9,
62C9,
62E9,
62E9,
62E9,
6309,
6309,
6309,
6309,
62E9,
6309,
6B2A,
83ED,
A4D0,
AD11,
AD11,
B511,
AD10,
B511,
B511,
B531,
B531,
B531,
BD51,
BD51,
BD51,
B531,
B531,
B531,
B531,
BD51,
BD51,
BD51,
B531,
BD51,
BD51,
BD52,
BD72,
BD72,
BD73,
BD52,
B532,
B531,
B532,
B511,
ACD0,
A48F,
A48E,
ACAF,
A48E,
A46E,
A46D,
9C4D,
9C4D,
9C4D,
9C2C,
9C2C,
9C2C,
9C2C,
A44C,
A44C,
A44C,
A42C,
9C0B,
9BEB,
93CA,
8B8A,
8B6A,
8B69,
8B8A,
93CB,
9C0C,
9C2C,
9C2C,
9C0C,
93EB,
8BCA,
838A,
8389,
8369,
7B48,
7B28,
7B28,
7B28,
7B28,
7B29,
7B49,
7B49,
8369,
836A,
838A,
8BAB,
8BEC,
93EC,
8BEC,
8BEC,
83AB,
7329,
62A7,
5A66,
6286,
7329,
8BEC,
9C6E,
9C6F,
A48F,
A48F,
A4B0,
ACD1,
ACF1,
B4F1,
B512,
B512,
B512,
B511,
B511,
AD11,
ACF1,
ACF1,
ACF0,
ACF0,
ACF0,
ACF0,
ACF0,
A4D0,
A4CF,
A4D0,
A4AF,
A4AF,
9C8F,
9C8F,
9C6F,
944E,
944E,
944E,
944E,
942E,
942D,
8C0D,
8BED,
83CC,
83AC,
7B8B,
7B6B,
7B6B,
734A,
732A,
732A,
730A,
6B09,
6AE9,
6AE9,
6AE9,
6AE8,
6AE8,
6AE8,
62E8,
62E8,
62E8,
62E8,
62E8,
62E8,
62E8,
62C8,
62C8,
5AC8,
5AA8,
5AA8,
5267,
4A05,
0840,
0840,
0840,
0840,
0841,
0841,
0841,
0841,
0841,
0841,
0020,
0840,
0840,
0820,
0020,
0840,
1080,
3163,
41E6,
41E5,
4206,
4A06,
4205,
4A46,
5AA8,
5AC8,
62E9,
62E9,
62E9,
62E9,
62E9,
62E9,
62E9,
62E9,
6309,
6309,
6309,
6309,
6309,
6309,
6309,
6B29,
83ED,
A4F0,
AD11,
ACF0,
AD10,
ACF0,
B511,
B511,
B511,
B531,
B531,
B531,
B531,
B531,
B531,
B531,
B531,
B531,
B531,
B531,
B531,
B531,
B510,
B531,
B531,
BD52,
BD92,
BD92,
BD92,
BD72,
B551,
BD51,
B510,
ACF0,
ACCF,
A48E,
A4AE,
A48E,
A46D,
A46D,
9C4D,
9C4C,
9C4C,
9C4C,
9C2C,
9C2B,
9C2C,
A44C,
A44C,
A42C,
A42B,
9BEB,
93CA,
938A,
8B69,
8349,
8349,
8B6A,
93AB,
9C0C,
9C2C,
9C2C,
9C0C,
93EB,
8BCB,
8BAA,
838A,
8369,
7B49,
7B28,
7B28,
7B28,
7B28,
7B49,
7B49,
7B49,
8349,
836A,
838A,
838A,
8BAB,
8BCB,
83AB,
838B,
7B4A,
72E8,
6AC8,
6B08,
7B6A,
942D,
9C6E,
9C6E,
A48E,
A4AF,
ACD0,
ACD0,
ACF1,
B511,
B511,
B512,
B532,
B532,
B552,
B532,
B531,
B511,
B511,
ACF1,
ACF0,
ACF0,
ACF0,
ACF0,
A4D0,
A4D0,
A4CF,
A4AF,
9C8F,
9C8E,
9C6F,
9C6E,
944E,
944E,
944E,
942E,
8C0D,
8C0D,
8BED,
83CC,
83AC,
7B8B,
7B6B,
7B6A,
734A,
732A,
732A,
7329,
6B09,
6B09,
6B09,
6AE9,
6AE8,
6AE8,
6AE8,
6AE8,
6AE8,
6AE8,
6AE8,
62E8,
62E8,
62E8,
62E8,
62C8,
5AC8,
5AA7,
5AA7,
5AA7,
5267,
4A05,
0840,
0840,
0841,
0840,
0840,
0840,
0841,
0841,
0020,
0020,
0020,
0840,
0840,
0020,
0860,
18C2,
18C1,
2943,
41C5,
41E5,
41E5,
4A26,
4A26,
5267,
5AC8,
62E9,
62E9,
62E9,
62E9,
62E9,
62E9,
6309,
6B09,
6B09,
6B09,
6B29,
6B29,
6B29,
6329,
6329,
6B29,
736A,
8C2E,
AD11,
AD11,
AD10,
B531,
B510,
B511,
B511,
B511,
B511,
B531,
B531,
B531,
B531,
BD51,
BD51,
B551,
B530,
B531,
B510,
B510,
B510,
BD51,
B551,
B531,
B551,
BD52,
BD72,
BD72,
BD72,
BD51,
BD51,
B510,
B4F0,
ACCF,
A48E,
A48E,
A46D,
A46D,
A46D,
A44D,
A44C,
A44C,
A44C,
A42C,
A42B,
A44C,
A44C,
A44C,
A42B,
9C0B,
93CA,
93AA,
8B69,
8349,
8329,
8328,
8B69,
93AB,
9C0C,
9C0C,
9C0C,
9BEC,
93EB,
8BCB,
8BAA,
8B8A,
8369,
7B49,
7B28,
7B28,
7B28,
7B28,
8349,
8349,
8349,
8349,
8369,
838A,
836A,
838A,
838B,
836A,
7B49,
7B49,
7329,
7B49,
83AA,
942D,
A48E,
A48E,
A48E,
A48F,
ACAF,
A4AF,
ACD0,
ACF0,
ACF1,
ACF1,
B511,
B511,
B511,
B511,
B531,
B531,
B531,
B511,
B511,
AD10,
AD10,
A4D0,
A4CF,
A4AF,
A4AF,
9C8F,
9C8E,
9C6E,
9C6E,
9C6E,
944E,
942E,
942D,
8C0D,
8C0D,
8BED,
8BEC,
83CC,
83AB,
7B8B,
7B6A,
734A,
734A,
7329,
7329,
7329,
7329,
7329,
6B09,
7309,
6B08,
6AE8,
6AE8,
6AE8,
6AE8,
6AE8,
62E8,
62E8,
62E8,
62E8,
62E8,
62C8,
5AC8,
5AC8,
5AA7,
5A87,
5A87,
5267,
4A05,
0840,
0840,
0841,
0841,
0840,
0840,
0841,
0841,
0841,
0840,
0840,
0840,
0840,
0840,
18A2,
3165,
2923,
3164,
41E6,
41E6,
41E5,
4A06,
4A26,
5287,
5AA8,
62E9,
62E9,
62E9,
62E9,
62E9,
6309,
6309,
6309,
6B09,
6309,
6B09,
6B29,
6B29,
6B29,
6B29,
6B4A,
738A,
946E,
AD31,
AD11,
ACF0,
B531,
B511,
B511,
B511,
B510,
B511,
B531,
B531,
B551,
B531,
B551,
B551,
B531,
B530,
B530,
B510,
B530,
B530,
B530,
B530,
B530,
B531,
BD51,
BD51,
BD51,
BD51,
BD31,
BD51,
B510,
B510,
B4EF,
AC8E,
A46D,
A46D,
A46D,
A46D,
A44C,
A44C,
A44C,
A44C,
A44C,
A44C,
A44C,
A44C,
A44C,
A42B,
9BEB,
93CA,
8B89,
8B69,
8349,
8328,
8328,
8B49,
93AB,
9C0C,
9C0C,
9C0C,
9BEC,
93CB,
93AB,
8BAA,
838A,
8369,
7B49,
7B28,
7B28,
7B28,
7B28,
8349,
8349,
8369,
8369,
8369,
836A,
836A,
836A,
838A,
834A,
7B49,
7B4A,
8369,
8BCB,
942C,
9C6D,
A46E,
A48E,
ACCF,
ACCF,
A4AF,
ACF0,
ACF0,
B511,
B511,
B511,
B531,
B531,
B531,
B531,
B531,
B531,
B531,
B531,
AD10,
ACF0,
ACF0,
A4CF,
A4AF,
A4AF,
9C8E,
9C6E,
9C6E,
9C6E,
9C6E,
944E,
942D,
8C0D,
8BED,
8BED,
8BEC,
83CC,
83AC,
7B8B,
7B8B,
7B6A,
734A,
734A,
7349,
7329,
7329,
7329,
7329,
7329,
7329,
7329,
7309,
6B08,
6AE8,
6AE8,
6AE8,
62C8,
62C8,
62E8,
62C8,
62C8,
62C8,
62C8,
5AC8,
5AA7,
5A87,
5A87,
5A87,
5267,
41E5,
0840,
0840,
0841,
0841,
0841,
0841,
0841,
0840,
0020,
0040,
0840,
0840,
0840,
0840,
18A2,
39E6,
39A5,
41A5,
41C6,
41E5,
41E6,
4A26,
4A26,
5267,
5AA8,
62E9,
6309,
62E9,
6309,
6B09,
6309,
6309,
6B09,
6B09,
6B09,
6B09,
6B29,
6B2A,
6B4A,
6B4A,
736A,
7BCC,
9C8F,
AD31,
B531,
B531,
B511,
AD10,
B511,
B511,
B511,
B531,
B531,
B551,
BD51,
BD51,
BD51,
BD51,
B531,
B530,
B530,
B510,
B510,
AD0F,
B510,
B510,
B510,
B530,
B530,
B530,
BD51,
BD51,
BD30,
BD30,
BD30,
B50F,
ACCE,
AC8D,
A46D,
A46D,
A46D,
A46D,
A46C,
A44C,
A44C,
A46C,
A44C,
A44C,
A44C,
A44C,
A44C,
A40B,
9BCA,
93A9,
8B69,
8348,
8328,
8308,
8308,
8B49,
93AA,
9BEB,
9C0C,
9C0C,
9BEB,
93CB,
93AB,
8B8A,
8369,
8349,
7B28,
7B28,
7B28,
7B28,
7B28,
7B49,
8369,
8369,
836A,
836A,
836A,
838A,
836A,
836A,
836A,
8369,
838A,
8BAB,
940C,
9C2C,
A46D,
A48E,
ACAF,
ACCF,
ACEF,
B4F0,
B510,
B511,
B511,
B511,
B511,
B511,
B531,
B531,
B531,
B531,
B531,
B511,
B511,
B511,
ACF0,
ACD0,
A4AF,
A48F,
9C6E,
944E,
944E,
944E,
944E,
942E,
942D,
8C0D,
8BED,
8BEC,
83CC,
83CC,
83AB,
7B8B,
7B6A,
7B6A,
7349,
7349,
7349,
7329,
7329,
7329,
7329,
7329,
7329,
7329,
7329,
6B09,
6B08,
6B08,
6AE8,
62E8,
62C8,
62C8,
62C8,
62C8,
62C8,
5AC7,
5AC8,
5AA7,
5AA7,
5AA7,
5A87,
5A87,
5246,
41E5,
0840,
0840,
0841,
0841,
0841,
0841,
0840,
0840,
0040,
0840,
0840,
0840,
0840,
0820,
18C2,
4207,
41C6,
39A5,
41C5,
41E5,
41E6,
4A26,
4A46,
5267,
5AA8,
62E9,
6309,
62E9,
6309,
6B09,
6309,
6B09,
6B09,
6B09,
6B29,
6B29,
6B29,
6B2A,
6B4A,
734A,
736A,
83CC,
9CAF,
AD31,
B531,
B531,
B511,
B510,
B510,
B510,
B511,
B531,
B551,
BD51,
BD51,
BD51,
BD51,
B551,
B530,
B530,
B530,
B510,
B510,
B50F,
B510,
B510,
B510,
B530,
B530,
B530,
B530,
BD50,
BD30,
BD30,
BD30,
B50F,
B4CE,
AC8D,
A46D,
AC6D,
AC6D,
AC6D,
A46D,
A46C,
A46C,
AC6C,
AC6C,
A44C,
A44C,
A44C,
A42C,
9C0B,
9BCA,
93A9,
8B69,
8348,
8328,
8328,
8328,
8B49,
93AA,
9BEB,
9C0C,
9BEC,
9BEB,
93CB,
93AA,
8B8A,
8369,
8349,
7B28,
7B08,
7B08,
7B28,
7B28,
7B49,
8369,
8369,
838A,
8B8A,
8B8A,
8B8A,
836A,
836A,
836A,
836A,
8B8A,
8BCB,
9C2C,
9C6D,
A48E,
ACAE,
ACCF,
ACEF,
B4F0,
B510,
B510,
B531,
B531,
B531,
B531,
B531,
B531,
B531,
B511,
B531,
B511,
AD10,
AD10,
AD10,
ACF0,
A4B0,
A48F,
9C6E,
944E,
944E,
942E,
942E,
942D,
8C0D,
8C0D,
8BED,
83CC,
83CC,
83AC,
83AB,
7B8B,
7B6A,
7B6A,
734A,
7349,
7329,
7329,
7329,
7329,
6B29,
7329,
7329,
7329,
7329,
7329,
6B09,
6B08,
6B08,
6AE8,
62E8,
62C8,
62C8,
62C8,
62C8,
62C8,
62C7,
5AA7,
5AA7,
5AA7,
5A87,
5267,
5267,
5246,
41E5,
0840,
0840,
0860,
0860,
0841,
0841,
0840,
0840,
0840,
0040,
0840,
0840,
0840,
0840,
20E3,
5269,
4A27,
39A5,
41C5,
41E5,
41C5,
4A26,
5246,
5246,
5AA8,
62E9,
6309,
62E9,
6B09,
6B0A,
6B09,
6B09,
6B09,
6B09,
6B29,
6B2A,
6B2A,
6B4A,
734A,
736A,
736A,
83EC,
9CAF,
AD31,
B531,
B531,
B531,
B510,
B510,
B510,
B510,
B531,
B551,
BD51,
BD51,
BD51,
B551,
B551,
B530,
B530,
B530,
B530,
B530,
B510,
B50F,
B50F,
B50F,
B50F,
B50F,
B530,
B530,
B530,
BD30,
B50F,
BD0F,
B4EF,
ACAE,
AC8D,
AC6C,
AC6D,
AC6D,
AC6D,
AC6D,
AC6D,
AC6D,
AC6C,
AC6C,
AC4C,
A44C,
A44C,
A42B,
9BEB,
9BAA,
9389,
8B49,
8B28,
8328,
8328,
8328,
8B69,
93AA,
9BEB,
9BEB,
9BEB,
9BEB,
93CB,
8BAA,
8B89,
8369,
8348,
7B28,
7B08,
7B08,
7B08,
7B28,
8348,
8369,
8B8A,
8B8A,
8BAA,
8BAA,
8BAA,
8B8A,
8B8A,
838A,
8B8A,
93CB,
940C,
A46D,
A48E,
ACCE,
B4EF,
B4EF,
B4EF,
B510,
B510,
B530,
B530,
B530,
B531,
B510,
B510,
B510,
B531,
B510,
B510,
ACF0,
ACF0,
ACF0,
ACF0,
ACD0,
A4AF,
9C6F,
9C4E,
942E,
942E,
942E,
940E,
8C0D,
8C0D,
8C0D,
8BEC,
83CC,
83AB,
7B8B,
7B8B,
7B6A,
7B6A,
734A,
734A,
7329,
7329,
7329,
7329,
6B29,
6B29,
6B29,
6B29,
6B29,
6B08,
6B08,
6B08,
6B08,
6B08,
62E8,
62E8,
62C8,
62C8,
62E8,
62E8,
62C8,
62C7,
5AA7,
5AA7,
5AA7,
5A87,
5267,
5267,
4A26,
41E5,
0840,
0840,
0860,
0860,
0841,
0841,
0840,
0840,
0040,
0040,
0840,
0840,
0840,
0840,
2103,
5ACA,
5268,
3984,
39A5,
41E6,
41C5,
4A06,
4A26,
5247,
5AA8,
62E9,
6B09,
6B09,
6B0A,
6B2A,
6B0A,
6B2A,
6B09,
6B29,
6B2A,
6B2A,
6B2A,
6B4A,
736A,
736A,
738B,
83EC,
9CAF,
AD51,
B531,
B531,
B531,
B531,
B511,
B511,
B530,
B531,
B551,
BD51,
BD51,
BD51,
B551,
B551,
B530,
B530,
B530,
B510,
B530,
B510,
B50F,
B50F,
B50F,
B50F,
B50F,
B50F,
B50F,
B50F,
B50F,
BD0F,
B4EF,
B4CE,
ACAD,
AC8D,
AC6D,
AC8D,
AC8D,
AC8D,
AC8D,
AC8D,
AC8D,
AC6C,
AC6C,
AC6C,
A44C,
A42B,
A40B,
9BEA,
93AA,
9389,
8B49,
8B48,
8328,
8328,
8B49,
936A,
93AA,
9BEB,
9BEB,
9BEB,
9BEB,
93CB,
8BAA,
8B69,
8349,
7B28,
7B08,
7B07,
7307,
7B07,
7B28,
8348,
8369,
8B8A,
8BAA,
8BCB,
93CB,
93CB,
8BAB,
8BAB,
8BCB,
93EB,
9C2C,
A46D,
ACAE,
ACCF,
B4EF,
B50F,
B510,
B510,
B510,
B510,
B510,
B510,
B510,
B510,
B510,
B510,
B510,
B510,
ACF0,
ACF0,
ACF0,
ACF0,
ACF0,
ACF0,
ACD0,
A4AF,
9C6E,
9C4E,
942E,
942E,
942E,
942E,
8C0D,
8C0D,
8BED,
83CC,
83AC,
7B8B,
7B8B,
7B8B,
7B6A,
7B6A,
734A,
734A,
7329,
7329,
6B29,
6B29,
6B29,
6B09,
6B08,
6308,
62E8,
62E8,
62E8,
62E8,
6AE8,
6AE8,
62E8,
62E7,
62C7,
62C7,
62E8,
62E8,
62C8,
62C7,
5AC8,
5AA7,
5AA7,
5A87,
5267,
5267,
5246,
41E5,
0840,
0840,
0860,
0860,
0841,
0841,
0040,
0040,
0841,
0040,
0840,
0840,
0820,
0000,
20E2,
5AA9,
5268,
2923,
3164,
41E5,
41C5,
4A06,
4A26,
5247,
5AA8,
62E9,
6B0A,
6B09,
6B2A,
6B2A,
6B2A,
6B2A,
6B2A,
6B2A,
6B2A,
6B2A,
6B2A,
734A,
736B,
736B,
738B,
840D,
A4D0,
AD51,
B531,
B531,
B531,
B531,
B531,
B531,
B530,
B531,
B531,
BD51,
BD51,
BD71,
BD51,
BD51,
B550,
B530,
B530,
B510,
B510,
B510,
B50F,
B50F,
B50F,
B50F,
B50F,
B50F,
B50F,
B50F,
B50F,
B4EF,
B4CE,
B4AE,
B4AD,
AC8D,
AC8D,
AC8D,
AC8D,
AC8D,
AC8D,
AC8D,
B48D,
AC6D,
AC6C,
AC4C,
A42C,
A42B,
A40B,
9BCA,
93AA,
9389,
8B69,
8B49,
8B29,
8B49,
8B49,
938A,
93AA,
9BCB,
9BEB,
9BEB,
9BCB,
93CB,
8BAA,
8B69,
8349,
8328,
7B08,
7B07,
72E7,
7B07,
7B28,
8369,
8B89,
8BAA,
93CB,
93EB,
93EB,
93EB,
93EB,
93EB,
93EB,
9C0C,
A44D,
A48E,
ACAE,
B4CF,
B4EF,
B4EF,
BD10,
B510,
B510,
B510,
B510,
B510,
B510,
B510,
B510,
B510,
B510,
B4F0,
ACF0,
ACF0,
ACF0,
ACF0,
ACF0,
ACF0,
ACD0,
A4AF,
9C8E,
9C6E,
944E,
942D,
942E,
940D,
940D,
8BED,
8BCC,
83AC,
838B,
838B,
7B8B,
7B8B,
7B6A,
7B6A,
734A,
734A,
7329,
7329,
6B29,
6B29,
6B09,
6B08,
62E8,
62E8,
62C7,
62C7,
62C7,
62C7,
62C7,
62C7,
62C7,
62C7,
62C7,
62C7,
62C8,
62C8,
5AC8,
5AC8,
5AC8,
5AA7,
5AA7,
5A87,
5A87,
5267,
5246,
41E5,
0840,
0840,
0860,
0860,
0861,
0841,
0061,
0061,
0840,
0840,
0860,
0840,
0820,
0820,
2903,
62EA,
5248,
2902,
2923,
39A4,
41C5,
4A26,
4A26,
5247,
5AA8,
6309,
6B2A,
6B0A,
6B2A,
6B2A,
6B2A,
6B2A,
732A,
732A,
6B2A,
6B2A,
6B4A,
734A,
736B,
736B,
7B8B,
8C0D,
A4D0,
AD32,
B531,
B531,
B551,
B531,
B551,
B531,
B531,
B531,
B531,
BD51,
BD71,
BD71,
BD51,
BD51,
BD51,
B530,
B530,
B530,
B510,
B510,
B510,
B510,
B510,
B510,
B530,
B50F,
B50F,
B50F,
BD0F,
B4EE,
ACAD,
AC8D,
AC8D,
AC8D,
B48D,
B48D,
AC8D,
AC8D,
AC8D,
AC8D,
B48D,
AC6D,
AC6C,
AC4C,
A42C,
A40B,
9BEB,
9BEA,
9BAA,
9389,
8B69,
8B69,
8B49,
8B49,
8B69,
938A,
93AA,
9BCB,
9BCB,
9BEB,
93CB,
93AA,
8B8A,
8B69,
8349,
7B28,
7B08,
7B07,
72E7,
7B08,
8348,
8389,
8BAA,
93CB,
93EB,
940B,
9C0C,
9C0C,
9C0C,
9C0C,
9C0C,
9C2C,
A44D,
A46D,
ACAE,
ACAE,
B4CF,
B4EF,
B510,
BD10,
B510,
B510,
B510,
B510,
B510,
B510,
B510,
B510,
B4F0,
ACF0,
ACEF,
ACEF,
ACF0,
ACEF,
ACF0,
ACF0,
ACCF,
A4AF,
9C6E,
9C6E,
942E,
942D,
940D,
940D,
8BED,
8BCC,
83AB,
838B,
7B6B,
7B6A,
7B6A,
7B6A,
734A,
734A,
734A,
7329,
7329,
6B29,
6B29,
6B09,
6AE8,
62E8,
62E7,
62C7,
5AC7,
5AC7,
5AC7,
5AC7,
62C7,
62C7,
62C7,
62A7,
5AA7,
5AC7,
62C7,
62C7,
5AA7,
5AA7,
5AA7,
5AA7,
5A87,
5287,
5267,
5267,
5246,
4A05,
0840,
0840,
0840,
0860,
0861,
0861,
0861,
0861,
0840,
0840,
0861,
0840,
0840,
1061,
3985,
736C,
62CA,
3143,
2922,
2923,
3184,
4A26,
4A26,
5246,
5AA8,
6309,
6B2A,
6B2A,
6B2A,
6B2A,
6B2A,
6B4A,
732A,
734A,
734A,
734A,
734A,
734A,
736B,
736B,
7BAB,
8C2D,
A4D0,
B552,
B531,
B531,
B551,
B531,
B551,
B531,
B531,
B531,
BD51,
BD51,
BD71,
BD72,
BD71,
BD51,
BD51,
BD51,
B551,
B531,
B530,
B530,
B530,
B530,
B530,
B530,
BD30,
B530,
BD2F,
BD2F,
BD0F,
ACCE,
AC6D,
A46C,
AC6D,
AC8D,
B48D,
B48D,
B48D,
B48D,
B48D,
B48D,
B48D,
AC6C,
AC6C,
AC4C,
A42C,
A40B,
9BEB,
9BCB,
9BCB,
938A,
9369,
9369,
9369,
936A,
938A,
938A,
93AA,
9BAB,
9BCB,
9BCB,
93CB,
93AA,
8B8A,
8B69,
8349,
7B28,
7B08,
7B07,
7B08,
7B28,
8369,
8BAA,
93CB,
93EB,
9C0B,
9C0C,
9C2C,
9C2C,
9C2C,
9C2C,
9C2C,
9C2C,
A44D,
A46D,
AC8E,
AC8E,
ACAE,
B4CF,
B4EF,
B510,
B510,
B510,
B510,
B510,
B510,
B510,
B510,
B4F0,
ACEF,
ACCF,
ACEF,
ACEF,
ACCF,
ACCF,
ACCF,
ACCF,
A4CF,
A48F,
9C6E,
9C4E,
942D,
940D,
8C0D,
8BEC,
8BCC,
83AC,
838B,
7B6B,
7B6A,
7B4A,
734A,
734A,
7329,
7329,
7329,
7329,
6B09,
6B09,
6B09,
6B08,
62E8,
62C8,
62C7,
5AC7,
5AC7,
5AC7,
5AC7,
5AC7,
5AA7,
5AA7,
5AA7,
5AA7,
5AA7,
5AA7,
5AA7,
5AA7,
5AA7,
5AA7,
5AA7,
5A87,
5287,
5287,
5267,
5A87,
5267,
4A05,
0840,
0840,
0840,
0860,
0861,
0861,
0861,
0861,
0860,
0861,
0861,
0840,
0860,
18A2,
41E6,
83CE,
736C,
41C5,
3123,
20C1,
2922,
4A26,
4A26,
4A26,
5AA8,
6309,
6B2A,
6B2A,
6B2A,
6B2A,
6B2A,
734A,
734B,
734A,
734B,
734A,
734B,
734B,
736B,
736B,
7BAC,
8C2E,
A4F1,
B552,
B532,
B531,
B552,
B531,
B531,
B531,
B531,
B551,
BD51,
BD72,
BD71,
BD72,
BD71,
BD71,
BD51,
BD51,
BD51,
BD51,
B551,
B531,
B530,
B530,
B530,
BD50,
BD30,
BD30,
BD30,
BD30,
BD0F,
ACAE,
A44C,
A44C,
AC6C,
AC8D,
B48D,
AC6D,
B48D,
B48D,
B48D,
B48D,
AC6D,
AC6C,
AC6C,
AC4C,
A42C,
A40B,
9BEB,
9BEB,
9BCB,
93AA,
938A,
9369,
938A,
938A,
938A,
938A,
93AA,
93AA,
9BAB,
9BCB,
93AA,
93AA,
8B8A,
8B49,
8348,
7B28,
7B08,
7B07,
7B28,
8349,
8B89,
8BCA,
93EB,
940B,
9C0C,
9C2C,
9C2C,
9C2C,
9C2C,
9C2C,
9C2C,
9C2C,
A44D,
A46D,
A46D,
AC8E,
ACAE,
B4CF,
B4EF,
B50F,
B510,
B4F0,
B510,
B510,
B4F0,
B4F0,
B4F0,
ACEF,
ACCF,
ACCF,
ACCF,
ACCF,
ACCF,
A4CE,
ACCF,
ACCF,
A4AF,
9C8E,
9C6E,
9C4E,
942D,
940D,
8BED,
8BEC,
83CC,
83AB,
7B6B,
7B6A,
7B4A,
734A,
734A,
7329,
7329,
6B09,
6B09,
6B09,
6B09,
6B09,
6B08,
6AE8,
62C8,
5AC7,
5AC7,
5AC7,
5AA7,
5AA7,
5AA7,
5AA7,
5AA7,
5AA7,
5AA7,
5AA7,
5A87,
5AA7,
5AA7,
5AA7,
5AA7,
5A87,
5A87,
5287,
5287,
5287,
5267,
5A87,
5267,
4A06,
0060,
0060,
0060,
0860,
0860,
0861,
0861,
0861,
0861,
0881,
0860,
0860,
0840,
1081,
4207,
736D,
6B0A,
5227,
3123,
20E2,
2902,
4A06,
5226,
5246,
5AA8,
6B09,
6B2A,
6B0A,
6B4A,
6B4A,
6B2A,
734B,
734B,
6B4A,
734B,
6B4A,
6B4B,
736B,
738B,
7B8C,
7BAC,
946F,
A4F1,
AD11,
B532,
B552,
B532,
B531,
B531,
B531,
B531,
B551,
BD51,
BD72,
BD72,
BD92,
BD72,
BD72,
BD71,
BD71,
BD71,
BD71,
BD71,
BD51,
BD51,
BD51,
BD50,
BD50,
BD50,
BD50,
BD30,
BD30,
BD2F,
ACAD,
A44C,
A44C,
AC6C,
AC6D,
AC6D,
AC8D,
B48D,
B46D,
AC6D,
AC6D,
AC6D,
AC6C,
AC4C,
AC2C,
A42C,
A40C,
A3EB,
9BCB,
9BCB,
9BAA,
93AA,
938A,
938A,
938A,
938A,
938A,
938A,
938A,
93AA,
93AA,
93AA,
938A,
8B69,
8B49,
8329,
7B08,
72E7,
72E7,
7B28,
8369,
8BAA,
93CB,
93EB,
9C0C,
9C0C,
9C0C,
9C2C,
9C2C,
9C2C,
9C4C,
9C4C,
9C4C,
9C4D,
A46D,
A46D,
A48E,
ACAE,
ACCF,
ACCF,
B4EF,
B4EF,
B510,
B510,
B4EF,
B4EF,
ACEF,
ACEF,
ACEF,
ACCF,
ACCF,
A4CE,
A4AF,
A4AF,
A4CF,
A4CF,
A4AF,
A48F,
A48E,
9C6E,
9C4D,
940D,
940D,
8BED,
8BCC,
83AC,
83AB,
7B6A,
7B6A,
7B4A,
7B4A,
734A,
7329,
7329,
6B09,
6B09,
6B09,
6B09,
6B09,
6B08,
62E8,
62C8,
5AC7,
5AC7,
5AC7,
5AA7,
5AA7,
5AA7,
5AA6,
5286,
5286,
5286,
5286,
5287,
5287,
5A87,
5A87,
5A87,
5A87,
5A87,
5A87,
5A87,
5A87,
5A87,
5A87,
5267,
5246,
0060,
0060,
0060,
0860,
0860,
0861,
0861,
0861,
0860,
0881,
0860,
0861,
0860,
10A1,
4207,
734C,
6AEA,
5227,
3123,
28E2,
2902,
41C5,
5247,
5247,
5AA8,
6309,
6B2A,
734B,
738B,
734B,
6B2A,
6B2A,
736C,
734B,
736C,
738C,
738C,
736B,
6B4B,
738B,
7BCC,
9C90,
AD12,
B532,
B552,
B552,
B532,
B532,
B531,
B531,
B531,
B551,
BD51,
BD72,
BD72,
BD92,
BD72,
BD72,
BD71,
BD71,
BD71,
BD71,
BD71,
BD71,
BD71,
BD71,
BD51,
BD51,
BD50,
BD50,
BD30,
BD30,
BD2F,
ACAD,
A44C,
A44C,
AC6C,
AC6D,
AC8D,
B48D,
B48D,
B46D,
AC6D,
AC6D,
AC6D,
AC6D,
AC4C,
AC2C,
A42C,
A40C,
A3EB,
9BEB,
9BCB,
9BAA,
93AA,
938A,
938A,
938A,
938A,
938A,
938A,
938A,
938A,
93AA,
938A,
8B6A,
8B69,
8349,
7B28,
7B08,
72E7,
72E7,
7B28,
8369,
8BAA,
93CB,
93EB,
9C0C,
9C0C,
9C0C,
9C0C,
9C0C,
9C0C,
9C2C,
9C4C,
9C4C,
A46D,
A46D,
A48E,
ACAE,
ACCE,
ACCF,
ACEF,
B4EF,
B4EF,
B510,
B510,
B4EF,
ACEF,
ACEF,
ACEF,
ACEF,
ACCF,
ACCE,
A4CF,
A4AE,
A4AE,
A4AE,
A4AF,
A4AF,
A48F,
9C6E,
9C4E,
942D,
940D,
940D,
8BEC,
8BCC,
83AC,
83AB,
838B,
7B6B,
7B6A,
7B4A,
7B4A,
732A,
7329,
6B09,
6B09,
6B09,
6B09,
6B09,
6B08,
62E8,
62C8,
62C7,
62C7,
5AC7,
5AC7,
5AA7,
5AA7,
5AA6,
5286,
5286,
5266,
5266,
5266,
5266,
5287,
5A87,
5A87,
5A87,
5A87,
5AA7,
5AA7,
5AA7,
5A87,
5A87,
5A87,
5267,
0060,
0060,
0040,
0060,
0840,
0860,
0860,
0860,
0060,
0861,
0860,
0881,
1061,
18A2,
41E7,
6B0B,
62CA,
5248,
3123,
28E2,
28E2,
3984,
5226,
5247,
5A87,
6B09,
6B4A,
6B4A,
6B4B,
734B,
734B,
736B,
6B4B,
5AC9,
5AA9,
5288,
5268,
4226,
4A06,
5AA8,
7BAC,
9C90,
AD32,
B532,
B532,
B532,
B532,
B532,
B531,
B531,
B531,
B551,
BD72,
BD72,
BD92,
BD92,
BD92,
BD92,
BD92,
BD92,
C592,
C592,
C592,
BD92,
BD91,
BD71,
BD71,
BD71,
C571,
BD71,
BD50,
BD30,
BD2F,
ACAE,
A44C,
AC6C,
AC6D,
AC8D,
AC8D,
B48D,
B48D,
B48D,
AC6D,
AC6D,
AC6D,
AC6D,
AC4D,
AC2C,
AC2C,
A40C,
A40C,
A3EB,
9BCB,
9BCB,
9BAA,
938A,
93AA,
93AA,
938A,
938A,
938A,
938A,
938A,
938A,
8B8A,
8B69,
8B49,
8348,
7B08,
72E7,
72E7,
72E7,
7B48,
8369,
8BAA,
93CB,
93EB,
940C,
9C0B,
9C0B,
940B,
9C0B,
9C0C,
9C2C,
9C4C,
A46D,
A48D,
A4AE,
ACCE,
ACCF,
ACEF,
B4EF,
B4EF,
B4EF,
B510,
B510,
B510,
B510,
B50F,
ACEF,
ACEF,
ACEF,
ACCF,
ACCF,
A4CF,
A4AE,
A4AE,
A4AE,
A4AE,
A4AE,
A48E,
9C6E,
9C4E,
942D,
940D,
940D,
8BEC,
8BCC,
83AC,
83AC,
838B,
838B,
838B,
7B6A,
7B6A,
7B4A,
7329,
7329,
6B09,
6B09,
6B09,
6B09,
6B09,
6AE8,
62E8,
62C8,
62C7,
62C7,
5AC7,
5AC7,
5AA7,
5AA7,
5A87,
5286,
5266,
5266,
5266,
5266,
5266,
5287,
5287,
5287,
5A87,
5AA7,
5AA7,
5AA7,
5AA7,
5AA8,
5A87,
5267,
0040,
0040,
0040,
0040,
0840,
0840,
0860,
0860,
0860,
0861,
0860,
0881,
1081,
18C2,
39A6,
62AA,
62AA,
5A48,
3123,
28E2,
28E2,
3123,
4A06,
5247,
5267,
62E9,
6B2A,
6B0A,
6B2A,
736C,
734B,
62EA,
4207,
3185,
2943,
2923,
2923,
2102,
3164,
4A47,
736C,
9C90,
B532,
B552,
B532,
B532,
B532,
B532,
B531,
B531,
B551,
BD52,
BD72,
BD92,
BD92,
BD92,
C592,
BD92,
C592,
C592,
C592,
C5B2,
C5B2,
C592,
C592,
C592,
C591,
C591,
C591,
C571,
BD50,
BD30,
BD0F,
ACAE,
AC6D,
AC6D,
AC8D,
AC8D,
AC8D,
B4AD,
B48D,
B48D,
B46D,
AC6D,
AC6D,
AC6D,
AC4D,
AC4C,
AC2C,
A40C,
A40C,
A3EB,
9BCB,
9BCB,
9BAA,
938A,
93AA,
93AA,
938A,
938A,
936A,
9369,
8B69,
8B69,
8B69,
8B49,
8349,
8328,
7B08,
72E7,
72E7,
72E7,
7B48,
8369,
8BAA,
93CB,
93EB,
93EB,
9C0B,
93EB,
93EB,
9C0B,
9C2C,
9C4C,
A46D,
A48E,
ACCE,
ACEF,
B4EF,
B4EF,
B50F,
B510,
B510,
B510,
B510,
B510,
B510,
B510,
B510,
B50F,
ACEF,
ACEF,
ACEF,
ACCF,
ACCF,
A4AE,
A4AE,
A48E,
A48E,
A48E,
9C6E,
9C6E,
944D,
942D,
940D,
940D,
8BED,
8BCC,
8BCC,
83CC,
83AC,
83AB,
83AB,
838B,
7B6B,
7B6A,
7B4A,
734A,
7329,
7329,
7329,
7329,
7329,
6B29,
6B09,
6AE8,
62E8,
62E8,
62E8,
62C7,
5AC7,
5AA7,
5AA7,
5A87,
5266,
5266,
5266,
5266,
5266,
5287,
5A87,
5A87,
5A87,
5AA7,
5AA7,
5A87,
5A87,
5AA7,
5A87,
5267,
0060,
0060,
0860,
0861,
0861,
0861,
0861,
0861,
0861,
0881,
0881,
0881,
1081,
18E2,
39A6,
5A89,
5A89,
5A48,
3144,
2902,
2902,
2902,
41E5,
5247,
5A87,
5AC9,
630A,
6B4B,
736C,
6B2B,
4A48,
3184,
2103,
18E2,
18C2,
18C2,
20E2,
2103,
2943,
4A27,
736B,
9C90,
B553,
B553,
B552,
B532,
B512,
B531,
B531,
B531,
B551,
BD72,
BD92,
C593,
C593,
C593,
C593,
C592,
C593,
C593,
C5B3,
C5B3,
C5B3,
C5B3,
C5B2,
C592,
C592,
C592,
C591,
C571,
BD50,
BD30,
BD0F,
ACAE,
AC6D,
AC6D,
AC8D,
AC8D,
AC8D,
B4AE,
B48E,
B48E,
B46D,
AC6D,
AC6D,
AC6D,
AC4D,
AC4C,
AC2C,
A40C,
A40C,
A3EC,
9BEB,
9BCB,
9BAB,
93AA,
9BAB,
93AB,
938A,
938A,
9369,
8B49,
8B49,
8B49,
8B69,
8B49,
8349,
7B28,
7B07,
72E7,
72E7,
72E7,
7B28,
8369,
8B8A,
8BAA,
93CA,
93EB,
93EB,
93EB,
93EB,
9C0C,
9C4C,
A46D,
ACAE,
ACCF,
B4EF,
B510,
B510,
B510,
B530,
B530,
B530,
B510,
B510,
B510,
B510,
B510,
B510,
B510,
B510,
ACEF,
ACEF,
ACEF,
ACCF,
A4CF,
A4AE,
A48E,
A48E,
A48E,
9C6E,
9C4E,
942D,
942D,
940D,
940D,
8BED,
8BEC,
8BCC,
8BCC,
8BCC,
8BCC,
8BCC,
83AB,
838B,
838B,
7B6B,
7B6A,
7B6A,
7B6A,
7B6A,
7B6A,
734A,
734A,
7329,
7329,
6B08,
6B08,
6308,
62E8,
62E8,
5AC7,
5AA7,
5AA7,
5A87,
5286,
5287,
5287,
5A87,
5AA7,
5AA7,
5AA7,
5AA7,
5AA7,
5AA7,
5AA7,
5AA7,
5AA8,
5A88,
5A87,
0881,
0881,
0881,
0881,
1081,
1081,
1081,
1081,
0881,
0881,
10A1,
0861,
1081,
20E3,
3185,
5248,
5248,
5227,
3964,
2902,
28E2,
20C1,
39A4,
5247,
5A88,
5A88,
630A,
736C,
62EA,
41E6,
2102,
1081,
18C2,
18C3,
18C3,
18C2,
20E3,
20E2,
2103,
39C5,
6B0A,
946F,
B553,
B552,
AD32,
B532,
B532,
B532,
B531,
B551,
B552,
BD72,
C593,
C5B3,
C5B3,
C5B3,
C5B3,
C5B3,
C5B3,
C5B3,
C5B3,
C5B3,
C5B3,
C5B3,
C5B2,
C5B2,
C5B2,
C592,
C591,
C571,
BD50,
BD30,
BD0F,
B4CE,
AC8D,
AC8D,
B48D,
AC8D,
B48D,
B4AE,
B48E,
B48E,
B48D,
AC6D,
AC6D,
AC6D,
AC4D,
AC4D,
AC2C,
A40C,
A40C,
A3EC,
A3EB,
9BCB,
9BCB,
9BAB,
9BAB,
9BAB,
938A,
938A,
9369,
8B49,
8B49,
8B49,
8B49,
8349,
8328,
7B08,
7AE7,
72E7,
72E7,
7307,
7B28,
8349,
8369,
8B8A,
8BAA,
93CB,
93EB,
93EB,
93EB,
9C2C,
A46D,
A48E,
ACCE,
B4EF,
B510,
BD30,
BD30,
BD30,
BD30,
BD51,
BD31,
BD31,
B530,
B530,
B530,
B530,
B510,
B510,
B510,
B510,
B50F,
ACEF,
ACEF,
ACCF,
A4AF,
A48E,
A48E,
9C6E,
9C4E,
9C4D,
942D,
940D,
8C0D,
8C0D,
8BEC,
8BEC,
8BCC,
8BCC,
8BCC,
8BCC,
8BCC,
8BCC,
83AC,
83AB,
83AB,
838B,
838B,
838B,
7B8B,
7B8B,
7B8B,
7B6A,
734A,
734A,
6B29,
6B29,
6B28,
6308,
62E8,
62E8,
5AC7,
5AA7,
5AA7,
5AA7,
5AA7,
5AA7,
5AA7,
5AA7,
5AA7,
5AA7,
5AA8,
5AC8,
5AC8,
5AC8,
62C8,
62C8,
5AA8,
5A88,
08A1,
08A1,
0881,
1081,
1081,
10A1,
10A1,
10A1,
10A1,
10A1,
10C2,
1081,
1081,
20E3,
3164,
4A27,
5227,
4A06,
41A5,
2902,
2902,
20C1,
3163,
5247,
5A88,
5AA8,
630A,
62EA,
41E6,
20E2,
10A1,
1082,
18A2,
18C3,
18C3,
10A2,
18C2,
18C2,
20E2,
39C5,
630A,
944F,
AD32,
AD32,
AD32,
B552,
B532,
B532,
B531,
B552,
BD72,
BD93,
C5B3,
C5B3,
C5B3,
C5B3,
C5B3,
C5B3,
C5B3,
C5B3,
C5B3,
C5D3,
C5D3,
C5D3,
C5D3,
C5B2,
C5B2,
C5B2,
C591,
C571,
BD50,
BD30,
BD0F,
B4CE,
AC8D,
AC8E,
B4AE,
B48E,
B48E,
B4AE,
B4AE,
B48E,
B48E,
AC6D,
AC6D,
AC6D,
AC4D,
AC4D,
AC2D,
A42C,
A40C,
A40C,
A3EC,
A3EB,
9BCB,
9BCB,
9BAB,
9BAB,
93AB,
938A,
936A,
8B49,
8B49,
8B49,
8349,
8329,
8328,
7B08,
72E7,
72E7,
72E7,
7B08,
7B48,
8349,
8369,
8369,
8B8A,
8BAA,
93CB,
93CB,
93EB,
9C2C,
A48E,
ACAE,
B4EF,
B510,
B530,
B530,
B530,
BD31,
BD51,
BD51,
BD51,
BD51,
BD31,
B531,
BD31,
B531,
B531,
B530,
B530,
B510,
B510,
B4F0,
ACF0,
ACCF,
A4AF,
A48E,
A48E,
9C6E,
9C4E,
942D,
8C0C,
8C0C,
8BEC,
8BEC,
8BEC,
8BCC,
83CC,
8BCC,
8BEC,
8BEC,
8BEC,
8BEC,
8BCC,
8BCC,
83CC,
83CC,
83AB,
83AB,
83AB,
7B8B,
7B8B,
7B6A,
7B6A,
734A,
6B49,
6B49,
6B29,
6B08,
6308,
62E8,
62C8,
5AC7,
5AA7,
5AA7,
5AA7,
5AA7,
5AC8,
5AC8,
5AC8,
5AC8,
5AA8,
5AC8,
62C8,
62C8,
62C9,
62E9,
62C8,
5AA8,
08A1,
0881,
1081,
1081,
10A1,
10A1,
10A1,
10A1,
10A1,
10A1,
10C2,
1081,
10A1,
2103,
3164,
4A07,
5247,
5207,
41C5,
3123,
2922,
20C1,
3143,
5267,
5AA8,
5AA9,
5AC9,
5268,
3185,
2924,
2103,
20E3,
20E4,
2104,
20E4,
18C3,
20E3,
18C2,
20E2,
41E6,
6B2B,
9490,
B553,
AD32,
AD32,
AD32,
AD31,
AD11,
B532,
B552,
BD72,
BD93,
C5B3,
C5D4,
C5B3,
C5B3,
C5B3,
C5B3,
C5B3,
C5B3,
C5D3,
C5D3,
C5D3,
C5D3,
CDD3,
C5D2,
C5B2,
C5B2,
C591,
C571,
BD50,
BD30,
BD0F,
B4CE,
AC8E,
B4AE,
B4AE,
B48E,
B48E,
B4AE,
B48E,
B48E,
B46E,
B46E,
AC6E,
AC6D,
AC4D,
AC4D,
AC2D,
AC2C,
A40C,
A40C,
A40C,
A3EC,
A3EC,
9BCB,
9BCB,
9BAB,
9BAB,
938A,
936A,
8B6A,
8B49,
8B49,
8329,
8328,
8308,
7B08,
72E7,
72C7,
72E7,
7B08,
7B48,
8349,
8369,
8369,
8389,
8BAA,
8BCB,
93CB,
93EB,
9C4D,
ACAE,
ACCF,
B50F,
BD30,
BD50,
BD50,
B530,
BD31,
BD51,
BD71,
BD51,
BD51,
BD51,
BD31,
BD51,
BD51,
B531,
B531,
B531,
B530,
B510,
B510,
ACF0,
ACCF,
A4AF,
A48E,
9C6E,
9C6E,
944D,
942D,
8BEC,
8BEC,
8BEC,
8BEC,
8BCC,
8BCC,
83CC,
8BCC,
8BEC,
8BEC,
8BEC,
8BEC,
8BEC,
8BCC,
8BCC,
8BCC,
83AC,
83AB,
83AB,
7B8B,
7B8B,
7B6A,
7B6A,
734A,
6B49,
6B49,
6B29,
6B28,
6308,
62E8,
62C8,
5AC7,
5AC8,
5AC8,
5AC8,
5AC8,
5AC8,
5AC8,
5AC8,
5AA8,
5AA8,
5AC8,
62C8,
62C8,
62E9,
62E9,
62C9,
5AA8,
0861,
0861,
0860,
0861,
1081,
1081,
1081,
1081,
10A1,
10A2,
10A1,
10A1,
10A1,
18C2,
2923,
39A5,
49E6,
49E6,
41A5,
3123,
20C1,
20C1,
3164,
5268,
5288,
5247,
4A47,
4A07,
41E7,
39C7,
41E7,
39C7,
4208,
39E8,
39E8,
39C7,
39C7,
39A6,
39C6,
5288,
738C,
9CB0,
AD53,
AD32,
AD32,
AD32,
B552,
B531,
B531,
B552,
BD72,
BD93,
C5B3,
C5D4,
C5D4,
C5B3,
C5B3,
C5B3,
C5B3,
C5B3,
C5B3,
C5D4,
CDD4,
CDF4,
CDD3,
CDD3,
C5B2,
C5B2,
C591,
C591,
BD50,
BD30,
B4EF,
B4CE,
B4AE,
B4AE,
B48E,
B48E,
B4AE,
B4AF,
B4AF,
B48E,
B48E,
B46E,
B46E,
AC6E,
AC4E,
AC4D,
AC4D,
AC2D,
AC2D,
A40C,
A40C,
A40C,
A3EC,
A3EC,
9BCC,
9BCB,
9BAB,
938B,
938A,
936A,
8B4A,
8B49,
8329,
8308,
7B08,
7AE8,
72E7,
72C7,
72E7,
7B08,
7B28,
8349,
8369,
8349,
8369,
8B8A,
8BAA,
93CB,
9C0C,
A46D,
ACAF,
ACEF,
B510,
B530,
BD51,
BD50,
BD51,
BD51,
BD72,
BD72,
BD72,
BD72,
BD52,
BD51,
BD52,
BD51,
BD51,
B551,
B531,
B531,
B510,
B510,
ACF0,
ACD0,
A4CF,
A4AF,
A48E,
9C6E,
942D,
8C0C,
8BEC,
8BEC,
83CC,
83CC,
83CC,
83CC,
83CC,
8BCC,
8BEC,
8BEC,
8BEC,
8BEC,
8BEC,
8BCC,
8BCC,
83CC,
83AB,
83AB,
7B8B,
7B8B,
7B6A,
734A,
7329,
7329,
6B29,
6308,
6308,
6308,
62E8,
62C8,
5AA7,
5AA7,
5AA7,
5AA7,
5AA7,
5AA7,
5AC8,
5AC8,
5AC8,
5AA8,
5AA8,
5AC8,
62C8,
62E9,
62E9,
62E9,
62E9,
5AA8,
0861,
0860,
0860,
0860,
0881,
1081,
1081,
1081,
10A1,
10A1,
10A1,
1081,
1081,
1081,
18A2,
2903,
3144,
3944,
2902,
20A1,
1880,
1880,
20E2,
39A5,
41E6,
2943,
18C2,
18C2,
2103,
3165,
3186,
3186,
3187,
3187,
39C7,
39E7,
4228,
4A48,
5289,
6B4B,
840E,
A4F1,
AD52,
AD32,
AD32,
AD32,
B532,
AD32,
B532,
B552,
BD72,
BD93,
C5B3,
C5D4,
C5D4,
C5B3,
C5B3,
C5B3,
C5B3,
C5B3,
C5B3,
C5D4,
CDD4,
CDF4,
CDD3,
CDD3,
CDB3,
C5B2,
C592,
C591,
BD50,
BD30,
B4EF,
B4CF,
B4AE,
B4AE,
B4AE,
B4AF,
B48F,
B4AF,
B4AF,
B48F,
B48F,
B48E,
B46E,
AC6E,
AC6E,
AC6E,
AC4E,
AC4D,
AC2D,
A40D,
A40D,
A40C,
A3EC,
A3EC,
9BCC,
9BCC,
9BAC,
938B,
938B,
936A,
8B4A,
8B49,
8329,
8308,
7AE8,
7AE8,
72E7,
72E7,
72E7,
7B08,
7B28,
7B28,
8349,
8369,
8369,
8B8A,
93CB,
93EB,
9C4D,
A48E,
ACCF,
B4EF,
B510,
BD50,
BD51,
BD51,
BD51,
BD51,
BD72,
BD72,
BD72,
BD72,
BD52,
BD51,
BD52,
BD51,
BD51,
B531,
B531,
B531,
B510,
B510,
ACF0,
ACF0,
ACD0,
A4CF,
A4AF,
9C6E,
944D,
940D,
8BEC,
8BEC,
83CC,
83CC,
83CC,
83AB,
83AB,
83CC,
8BCC,
8BCC,
8BCC,
8BCC,
8BCC,
83CC,
83AC,
83AB,
838B,
7B8B,
7B6A,
7B6A,
734A,
7329,
6B09,
6AE8,
62E8,
62E7,
62C7,
5AC7,
5AC7,
5AA7,
5AA7,
5AA7,
5A87,
5A87,
5A87,
5AA7,
5AA8,
5AA8,
5AA8,
5AA8,
5AC8,
62C8,
62C9,
62E9,
62E9,
62E9,
62E9,
62C8,
0060,
0060,
0840,
0860,
0861,
1081,
1081,
1081,
10A1,
10A1,
1081,
1081,
10A1,
1081,
18A1,
20C2,
2903,
3123,
2902,
28E2,
20E2,
20C1,
2923,
39A5,
39A5,
3184,
3185,
41C6,
41E7,
41E7,
41E8,
39E7,
4209,
4A29,
4A49,
4A29,
5289,
52AA,
5ACA,
6B6B,
946F,
A532,
B553,
B552,
B552,
B552,
B532,
B532,
B532,
B552,
BD73,
BD93,
C5B4,
C5D4,
C5D4,
C5B3,
C5B3,
C5B3,
C5B3,
C5B3,
C5B3,
C5B4,
CDD4,
CDD4,
CDD3,
CDD3,
CDB3,
C5B2,
C592,
C571,
BD50,
B510,
B4EF,
B4CE,
B4AF,
B4AF,
B4AF,
B48F,
B4AF,
B4AF,
B4AF,
B4AF,
B48F,
B48F,
B46F,
B46E,
AC6E,
AC6E,
B46E,
AC4E,
AC2E,
AC2D,
AC2D,
A40D,
A3EC,
A3EC,
9BCC,
9BCC,
9BAC,
9BAB,
938B,
936A,
8B4A,
8B29,
8309,
7AE8,
7AE8,
72E7,
72C7,
72E7,
72E7,
7308,
7B08,
7B08,
7B28,
8349,
8B8A,
8BCB,
9C0C,
A44D,
A48E,
ACAF,
B4F0,
B510,
B510,
BD31,
BD51,
BD51,
BD71,
BD72,
BD72,
BD92,
BD92,
BD72,
BD52,
BD52,
BD52,
BD52,
BD51,
B531,
B531,
B531,
B511,
B510,
AD10,
ACF0,
ACF0,
ACD0,
A4AF,
A48F,
9C4E,
942D,
8C0D,
8BEC,
83CC,
83CC,
83AB,
7B8B,
7B8B,
83AB,
83AC,
83AC,
83AC,
83AB,
83AB,
83AB,
838B,
7B8B,
7B8B,
7B6A,
7B6A,
734A,
7329,
6B09,
6AE8,
62C8,
5AA7,
5AA7,
5A87,
5286,
5286,
5286,
5266,
5287,
5287,
5287,
5287,
5A87,
5AA7,
5AA7,
5AA8,
5AA8,
5AC8,
62C8,
62C9,
62E9,
62E9,
62E9,
62E9,
62C8,
0060,
0040,
0840,
0860,
0861,
1081,
1081,
1081,
10A1,
10A1,
10A1,
10A1,
18E2,
20E2,
20E2,
2903,
3123,
3984,
3984,
3143,
2923,
2902,
3144,
41E6,
4A07,
41C6,
39C6,
41E7,
39A6,
3186,
31A6,
39C7,
4208,
4A29,
4A49,
4A69,
5ACA,
632C,
6B6C,
83EE,
8C2E,
AD32,
B573,
B552,
B553,
B552,
B552,
B532,
B532,
B552,
BD73,
BD93,
C5B4,
C5D4,
C5D4,
C5B3,
C5B3,
C5B3,
C5B3,
C5B3,
C5B3,
C5B4,
C5D3,
CDD4,
CDD3,
CDD3,
C5B3,
C592,
C592,
C571,
BD30,
B50F,
B4CF,
B4AF,
B4AF,
B4AF,
B4AF,
B4AF,
B4AF,
B4B0,
B4B0,
B48F,
B48F,
B48F,
B46F,
B46E,
B46F,
AC6E,
B46F,
AC4E,
AC4E,
AC2E,
AC2D,
A40D,
A3ED,
A3EC,
9BCC,
9BCC,
9BAC,
938B,
936B,
8B4A,
8B2A,
8309,
7AE8,
7AE8,
7AC8,
72C8,
72C8,
72E7,
72E7,
72E8,
7B08,
72C7,
72E7,
8349,
8BCB,
9C0C,
A44D,
AC8E,
AC8E,
ACCF,
B4F0,
B510,
B510,
BD31,
BD51,
BD51,
BD72,
BD72,
BD72,
BD72,
BD92,
BD72,
BD72,
BD52,
BD52,
BD52,
B531,
B531,
B531,
B511,
B511,
B510,
AD10,
ACF0,
ACF0,
ACD0,
A4CF,
A48F,
9C6E,
942D,
8C0D,
8BEC,
83CC,
83AB,
7B8B,
7B8B,
7B8B,
7B8B,
838B,
838B,
838B,
838B,
7B8B,
7B6B,
7B6A,
7B6A,
7B6A,
7B6A,
734A,
7329,
6B29,
6B08,
62E8,
62C7,
5A87,
5266,
5266,
5246,
5246,
5246,
5266,
5266,
5266,
5287,
5287,
5A87,
5A87,
5AA7,
5AA8,
5AA8,
5AA8,
62C8,
62C8,
62E9,
62E9,
62E9,
62E9,
62C8,
0060,
0060,
0860,
0860,
0881,
1081,
1081,
1081,
1081,
10A1,
18C2,
18E2,
2923,
2923,
2903,
2903,
3144,
3985,
3964,
2903,
20C1,
1881,
20C1,
3144,
41C6,
2903,
1081,
1061,
1061,
1061,
1082,
10A3,
1062,
1082,
18A2,
18A2,
2123,
3165,
39C5,
4A47,
736B,
A4F1,
B573,
AD52,
B552,
B532,
B552,
B532,
B532,
B552,
BD72,
BDB3,
C5B3,
C5D4,
C5D4,
C5D4,
C5D4,
C5B3,
C5B3,
C5B3,
C5B3,
C5B3,
C5D3,
C5D3,
C5B3,
C5D3,
C5B3,
C592,
C592,
BD71,
BD30,
B510,
B4CF,
B4AF,
B4AF,
B4AF,
B4B0,
B490,
B490,
B490,
B4B0,
B490,
B48F,
B48F,
B46F,
B46F,
B46F,
AC6F,
B46F,
B44F,
AC4E,
AC2E,
AC2E,
A40D,
A3ED,
A3ED,
9BCC,
9BCC,
9BAC,
938B,
936B,
8B2A,
8309,
8309,
7AC8,
7AC8,
7AC8,
72C8,
72C8,
72E8,
72E8,
72E7,
72E7,
6AA6,
6AA7,
8349,
9C0C,
A44D,
AC8E,
ACAF,
A48E,
ACAF,
B4F0,
B4F0,
B511,
B531,
BD51,
BD51,
BD72,
BD72,
BD72,
BD72,
BD72,
BD72,
BD52,
BD52,
BD52,
B532,
B531,
B531,
B511,
B511,
B511,
B510,
AD10,
ACF0,
ACF0,
ACD0,
A4CF,
A48F,
9C6E,
944D,
942D,
8C0D,
8BEC,
83AB,
7B8B,
7B6A,
7B6A,
7B6A,
7B6B,
7B6A,
7B6A,
7B6A,
7B6A,
734A,
734A,
734A,
734A,
7329,
6B29,
6B09,
6B09,
62E8,
62C8,
62C7,
5A87,
5266,
5246,
4A45,
4A45,
4A45,
5246,
5266,
5266,
5287,
5287,
5A87,
5A87,
5AA7,
5AA7,
5AA8,
5AA8,
5AA8,
62C8,
62C9,
62E9,
62E9,
62E9,
62C8,
0860,
0860,
0860,
0860,
1061,
1081,
10A1,
10A1,
10A1,
18C2,
1903,
2123,
2944,
2923,
20E3,
20E2,
28E2,
28E2,
20A1,
1860,
1040,
1040,
1040,
18A1,
2903,
1081,
0820,
0840,
0841,
0841,
0821,
0000,
1062,
1062,
1061,
0841,
1081,
18A1,
20E2,
39A4,
6B0A,
A4F1,
B593,
AD52,
B532,
B552,
B552,
B532,
B532,
B552,
BD72,
BDB3,
C5D4,
C5D4,
C5D4,
C5D4,
C5D4,
C5D4,
C5D3,
C5B3,
C5B3,
C5B3,
C5D3,
C5D3,
C5B3,
C5B3,
C5B3,
C592,
C592,
C571,
BD30,
B510,
B4CF,
B4AF,
B4AF,
B4AF,
B490,
B490,
B490,
B490,
B490,
B490,
B490,
B48F,
B46F,
B46F,
AC6F,
AC6F,
B46F,
AC4F,
AC2E,
AC2E,
AC0E,
A40D,
A3ED,
A3ED,
9BCD,
9BAC,
9B8C,
936B,
8B4A,
8B2A,
8309,
82E9,
7AC8,
7AC8,
7AC8,
72C8,
72C8,
72C8,
72C7,
72C7,
6A86,
6A86,
72E8,
8BAB,
A46E,
AC8E,
AC8F,
AC8F,
AC8F,
ACAF,
ACD0,
B4F0,
B511,
B531,
B531,
B551,
BD52,
BD52,
BD52,
BD72,
BD52,
BD52,
BD52,
B552,
B532,
B531,
B531,
B511,
B511,
B510,
ACF0,
ACF0,
AD10,
ACF0,
ACD0,
A4CF,
A4AF,
A48F,
9C6E,
944D,
942D,
8C0D,
8BEC,
83AB,
7B8B,
7B6A,
7B6A,
734A,
7B4A,
7B4A,
7B4A,
734A,
734A,
7329,
7329,
7329,
7329,
6B29,
6B09,
6B09,
6B08,
62E8,
62C8,
62C7,
5286,
5266,
4A45,
4A25,
4A25,
4A25,
4A46,
5266,
5266,
5287,
5287,
5A87,
5A87,
5AA7,
5AA7,
5AA8,
5AA8,
5AA8,
62C8,
62C9,
62E9,
62E9,
62C9,
5AA8,
0860,
0860,
0860,
0860,
1061,
1081,
1081,
1081,
10A1,
18C2,
18E2,
18E2,
20E3,
20C2,
18A2,
18A1,
2081,
2081,
1840,
1020,
1040,
1040,
1040,
1881,
1881,
1060,
0840,
0841,
0841,
0841,
0841,
0841,
0841,
0841,
1061,
0860,
1081,
18C1,
2923,
4226,
6B4B,
A511,
BD93,
B552,
B553,
B553,
B532,
B552,
B532,
B552,
BD92,
C5B3,
C5D4,
CDF4,
CDF4,
CDF4,
CDF4,
CDF4,
CDF4,
C5D4,
C5D3,
C5D3,
C5D3,
CDD4,
C5B3,
CDD3,
CDB3,
C5B3,
C592,
C571,
BD31,
B510,
B4CF,
B4AF,
B48F,
B4AF,
B48F,
B490,
B490,
B490,
B490,
B490,
B470,
B46F,
B46F,
AC4F,
AC4F,
AC4F,
B44F,
AC4E,
AC2E,
AC2E,
A40E,
A40D,
A3ED,
A3CD,
9BCD,
9BAC,
938C,
936B,
8B2A,
8309,
82E9,
7AE9,
7AC8,
7AC8,
7AC8,
72C8,
72C8,
72C7,
6AA7,
6A86,
6245,
6AA7,
836A,
A44D,
ACAF,
ACAF,
ACAF,
ACAF,
ACAF,
ACAF,
ACD0,
ACF0,
B511,
B511,
B531,
B551,
BD52,
B552,
B552,
B552,
BD52,
BD52,
B552,
B532,
B532,
B531,
B511,
B511,
ACF1,
ACF0,
ACF0,
ACF0,
ACF0,
ACD0,
A4AF,
A4AF,
A48F,
9C6E,
944E,
942D,
8C0D,
8C0D,
83CC,
83AB,
7B6A,
7B6A,
7B6A,
734A,
734A,
734A,
734A,
7329,
7329,
7329,
6B29,
6B09,
6B29,
6B09,
6B09,
6308,
62E8,
62E8,
5AC7,
5AA7,
5266,
5246,
4A25,
4A25,
4A25,
4A25,
4A46,
5246,
5266,
5287,
5A87,
5AA7,
5AA7,
5AA7,
5AA8,
5AA8,
5AA8,
5AC8,
62C9,
62E9,
62E9,
62E9,
62C8,
5AA8,
0860,
0860,
0860,
0860,
1061,
1081,
1081,
1081,
0881,
10A1,
10A1,
1080,
1081,
1060,
1060,
1881,
20A1,
20A2,
1881,
1040,
1840,
1040,
1040,
1060,
1060,
1040,
1040,
1040,
0840,
0841,
0841,
0821,
0841,
0841,
0860,
0840,
0840,
0860,
20E2,
41E5,
7B8C,
AD12,
B573,
B552,
B573,
B553,
B532,
B552,
B532,
B552,
BD92,
C5B3,
CDF4,
CE15,
CE15,
CE15,
CE15,
CE15,
CDF4,
CDF4,
CDD4,
CDD4,
CDD4,
CDD4,
CDD4,
CDD3,
CDD3,
C5B3,
C592,
C572,
BD51,
B510,
B4CF,
B4AF,
B48F,
B48F,
B48F,
B490,
B490,
B490,
B490,
B490,
B470,
B46F,
B46F,
AC4F,
AC4F,
AC4F,
AC4F,
AC2E,
AC2E,
AC0E,
A40E,
A40E,
A3ED,
A3CD,
9BCD,
9BAC,
938C,
8B4B,
8B2A,
830A,
82E9,
7AC9,
7AA8,
7AC8,
72C8,
72A8,
72A7,
6AA7,
6A66,
6245,
6245,
72E8,
93EC,
AC8F,
B4CF,
ACAF,
ACAF,
B4D0,
B4D0,
ACD0,
ACD0,
ACF0,
B510,
B511,
B531,
B551,
B551,
B551,
B532,
B532,
B532,
B532,
B532,
B532,
B532,
B511,
B511,
ACF1,
ACF0,
ACF0,
ACF0,
ACF0,
A4D0,
A4AF,
A48F,
9C6F,
9C6E,
9C4E,
942D,
8C0D,
8BED,
8BEC,
83CC,
7BAB,
7B6B,
7B6A,
736A,
734A,
734A,
734A,
7329,
7329,
6B29,
6B09,
6B09,
6B09,
6B09,
6308,
62E8,
62E8,
62C8,
62C7,
5AA7,
5A87,
5266,
4A45,
4A25,
4A25,
4A25,
4A25,
4A25,
5246,
5266,
5287,
5A87,
5AA8,
5AA8,
5AA8,
5AA8,
5AA8,
5AA8,
62C8,
62C9,
62E9,
62E9,
62E9,
62C8,
5A88,
0860,
0861,
0861,
0861,
1081,
0881,
0860,
0880,
0840,
1060,
1060,
0840,
1040,
1040,
1060,
1881,
20C2,
28C2,
28C2,
20A1,
1860,
1840,
1840,
1840,
1040,
1040,
1040,
1040,
1040,
0840,
0840,
0840,
0840,
0840,
1060,
1081,
1060,
1080,
2902,
5247,
8C2E,
BD93,
BD93,
B573,
B573,
B552,
B552,
B552,
B532,
B552,
BD73,
C5B4,
CDF4,
CE15,
CE15,
CE15,
D635,
CE15,
CE15,
CDF4,
CDF4,
CDF4,
CDF4,
CDF4,
CDD4,
CDD4,
CDB3,
CDB3,
CD92,
C592,
BD51,
B510,
B4CF,
B4AF,
B4AF,
B48F,
B48F,
B46F,
B470,
B470,
B470,
B470,
B470,
AC4F,
AC4F,
AC4F,
AC4F,
AC4F,
AC4F,
AC4F,
AC2E,
A40E,
A40E,
A3EE,
A3CD,
9BAD,
9BAD,
9BAC,
938C,
934B,
8B2A,
82E9,
7AC9,
7AC9,
7AC9,
7AA8,
72C8,
72A8,
72A8,
6AA7,
6226,
5A25,
6A87,
8B8A,
A44E,
ACAF,
ACAF,
ACD0,
B4D0,
B4F0,
B4F0,
B4F0,
ACF0,
B4F0,
B511,
B511,
B531,
B531,
BD52,
BD52,
B532,
B531,
B532,
BD32,
B532,
B511,
B531,
AD11,
ACF1,
ACD0,
ACF0,
ACF0,
ACD0,
ACD0,
A4B0,
A48F,
9C6F,
9C4E,
944E,
944E,
942D,
8C0D,
8BED,
83CC,
83AC,
7B8B,
7B8B,
736B,
736B,
736A,
734A,
734A,
6B29,
6B09,
6B09,
6B08,
6B08,
6308,
6308,
62E8,
62E7,
5AC7,
5AC7,
5AA7,
5286,
5266,
5246,
4A25,
4A05,
4A05,
4A05,
4A25,
4A46,
5266,
5287,
5287,
5A88,
5AA8,
5AA8,
5AA8,
5AA8,
5AA8,
62C9,
62C9,
62E9,
62E9,
62E9,
6B09,
62C9,
5267,
0840,
0860,
0860,
0860,
1081,
10A1,
1080,
1080,
1060,
1080,
1060,
1040,
1040,
1040,
1860,
1881,
2081,
28C2,
28E2,
20A1,
2060,
2080,
2060,
1040,
1860,
1860,
1040,
1040,
1040,
1060,
1060,
1080,
18A1,
18C2,
2923,
3184,
39A5,
39C5,
4206,
62E9,
9C90,
BDB4,
BD93,
B573,
B552,
B552,
B552,
B552,
B532,
B552,
BD73,
C5B3,
C5D4,
CDF5,
CDF5,
CDF5,
CE15,
CE15,
CE15,
CDF5,
CDF4,
CDF4,
CDF4,
CDF4,
CDF4,
CDD4,
CDD3,
CDB3,
CDB2,
C592,
BD51,
BD30,
B4D0,
B4AF,
AC8F,
B48F,
B46F,
AC6F,
B46F,
B470,
B470,
B470,
B470,
AC4F,
AC4F,
AC4F,
AC4F,
AC4F,
AC4F,
AC2F,
AC0E,
A40E,
A3EE,
A3EE,
A3CE,
9BAD,
9BAD,
9B8C,
936C,
8B4B,
8B0A,
82EA,
7AC9,
7AC9,
7AC9,
7AC8,
7AC8,
72A8,
6A87,
6A67,
6246,
6266,
7B29,
93EC,
ACAF,
B4D0,
B4F0,
B4F0,
B4F0,
B511,
B511,
B4F0,
B4F0,
B4F0,
B511,
B511,
B531,
BD51,
BD52,
BD52,
BD52,
B531,
B532,
BD32,
B532,
B511,
B511,
B511,
ACF1,
ACF1,
ACF1,
ACF1,
ACD1,
ACD0,
A4B0,
A48F,
9C6F,
9C4E,
942E,
8C0D,
8BED,
8BCD,
8BED,
83CC,
83CC,
7BAB,
738B,
736A,
734A,
6B4A,
6B29,
6B29,
6B09,
6B09,
6B09,
6B09,
6B29,
6B29,
62E8,
62E8,
5AC7,
5AA7,
5AA6,
5286,
5266,
4A45,
4A25,
4A25,
4A05,
4A25,
4A25,
4A26,
5246,
5267,
5A87,
5A88,
5AA8,
5AA8,
5AC8,
62C8,
62C8,
62C8,
62E9,
62E9,
62E9,
62E9,
62E9,
6B09,
62C9,
5267,
1060,
1081,
1081,
10A1,
18A1,
10A1,
1080,
1080,
1060,
1080,
1060,
1060,
1880,
18A1,
20C1,
28E2,
2902,
3143,
3143,
2902,
28C2,
28E1,
20C1,
2080,
2080,
20A1,
20A1,
20C1,
20E2,
20E2,
2102,
2902,
3184,
3184,
39A5,
41E6,
39C5,
41E5,
4206,
62E9,
A4D1,
BDB4,
BD93,
BD93,
B573,
B573,
B573,
B552,
B552,
B552,
BD73,
C5B3,
C5D4,
CDD5,
CDF5,
CDF5,
CDF5,
CDF5,
CDF5,
CDF5,
CDF5,
CDF5,
CDF5,
CDF4,
CDF4,
D5F4,
CDD3,
CDB3,
CDB3,
C592,
C551,
BD31,
B4F0,
B4AF,
AC8F,
AC8F,
AC6F,
AC6F,
B46F,
B46F,
B470,
B470,
B470,
AC4F,
AC4F,
AC4F,
AC4F,
AC2F,
AC2F,
AC2E,
A40E,
A40E,
A3EE,
A3EE,
A3CE,
9BAD,
9BAD,
9B8D,
938C,
934B,
8B2A,
82EA,
82E9,
82E9,
7AC9,
7AC8,
7AC8,
7287,
6A67,
6246,
6246,
72C8,
93EC,
A46E,
B4F0,
B511,
B511,
B511,
B511,
B511,
B511,
B511,
B511,
B511,
B511,
B531,
BD51,
BD52,
BD52,
BD52,
BD52,
BD52,
BD52,
B532,
B531,
B511,
B511,
B511,
AD11,
ACF1,
ACF1,
ACD0,
A4D0,
A4B0,
9C6F,
9C6F,
9C4F,
942E,
940E,
8BED,
8BED,
83CC,
83AC,
7BAC,
7BAB,
7B8B,
7B8B,
738B,
736B,
736A,
734A,
6B29,
6B29,
6309,
6309,
62E8,
62E8,
62E8,
62E8,
62C8,
5AA7,
5A87,
5266,
5246,
4A25,
4A25,
4A05,
4A05,
4A05,
4A25,
4A46,
5266,
5287,
5A87,
5AA8,
5AA8,
5AA8,
5AC8,
62C8,
62C9,
62C9,
62C9,
62E9,
62E9,
62E9,
62E9,
62E9,
6309,
5AC8,
5247,
18C1,
20E2,
20E2,
20E2,
20E2,
18C1,
18A1,
18C1,
18C1,
18C1,
18A1,
18A0,
20C1,
2902,
3123,
3964,
3964,
3964,
3964,
3964,
3943,
2902,
28C1,
28C1,
28E1,
28E2,
2902,
2902,
2902,
2902,
2923,
2943,
4206,
4A26,
4A26,
4A67,
4A47,
5288,
62E9,
83ED,
AD32,
BDD4,
BD94,
BDB4,
BD93,
BD93,
BD93,
B552,
B552,
BD72,
BD93,
BD93,
C5B4,
C5B4,
C5D4,
CDD5,
CDD5,
CDD5,
CDF4,
CDF5,
CDF4,
CDF5,
CDF5,
CDF5,
CDF4,
D5F4,
CDD4,
CDB3,
C592,
C592,
C551,
BD31,
B4F0,
B4CF,
AC8F,
AC6F,
AC6F,
AC6F,
B46F,
B46F,
B470,
B470,
AC4F,
AC4F,
AC4F,
AC4F,
AC2F,
AC2E,
AC2E,
A40E,
A3EE,
A3EE,
A3EE,
A3CE,
9BCD,
9BAD,
9B8D,
9B8C,
936C,
8B4B,
8B0A,
82EA,
82C9,
82C9,
7AA8,
72A8,
72A8,
6A67,
6226,
6226,
6A87,
836B,
A46E,
ACD0,
B511,
B511,
BD11,
B511,
B511,
B511,
B511,
B511,
B511,
B511,
B531,
B531,
BD51,
BD52,
BD52,
BD52,
BD52,
BD52,
BD52,
B531,
AD11,
ACD0,
ACD0,
ACD0,
ACF1,
ACF0,
ACD0,
A48F,
9C6F,
9C4E,
942E,
940E,
940E,
940D,
8BED,
83CC,
83AC,
7B8B,
7B8B,
7B8B,
7B8B,
7B8B,
738B,
736B,
736A,
6B4A,
6B29,
6B29,
6B09,
6B09,
6B09,
6B09,
6B09,
6B09,
62C8,
5AA7,
5A87,
5266,
5246,
4A25,
4A05,
4A05,
41E4,
4205,
4A05,
4A25,
5266,
5287,
5AA7,
5AA8,
5AC8,
5AC8,
5AC8,
62C8,
62C8,
62C9,
62E9,
62E9,
62E9,
62E9,
62E9,
6309,
62E9,
62E9,
5AA8,
5246,
20E2,
2102,
2102,
2102,
2902,
2922,
2922,
3143,
3143,
3143,
2902,
20E1,
28E2,
2902,
3123,
3964,
3964,
3964,
3964,
3984,
3984,
3143,
2902,
28E1,
28E1,
28E1,
2902,
2902,
2922,
3164,
41C5,
4A26,
5288,
5AA8,
62E9,
6B4A,
736B,
7BAC,
83ED,
9CB0,
B552,
C5F5,
BDB4,
BDB4,
BD93,
BD93,
BDB3,
BD93,
BD73,
BD73,
BD93,
BD93,
C594,
C5B4,
C5B4,
C5D4,
C5D4,
C5D4,
CDD4,
CDD4,
CDF4,
CDF4,
CDF4,
CDF4,
CDF4,
D5F4,
CDD4,
CDB3,
C593,
C592,
C572,
BD51,
B4F0,
B4AF,
AC6F,
AC6E,
AC4F,
AC4F,
AC4F,
AC4F,
AC4F,
AC4F,
AC2F,
AC2F,
AC2E,
AC2F,
AC0E,
A40E,
A40E,
A3EE,
A3CD,
9BCD,
9BAD,
9BAD,
9BAD,
9B8D,
938C,
936C,
934B,
8B0B,
82EA,
7AA9,
7AA9,
7AA8,
7288,
7267,
6A67,
6226,
5A05,
6246,
7AE9,
93EC,
ACAF,
B4F0,
B511,
B510,
B511,
B511,
B511,
B511,
B511,
B511,
B511,
B511,
B531,
B531,
B531,
B531,
B531,
B511,
B511,
B531,
B531,
B511,
A4D0,
A48F,
9C8F,
A48F,
A4B0,
A4D0,
A4AF,
9C6E,
942D,
8BED,
8BED,
8BED,
8BCD,
83CC,
83CC,
838C,
7B6B,
732A,
736A,
736B,
736B,
736B,
736B,
736B,
736A,
734A,
6B2A,
6B29,
6B09,
6309,
62E9,
62E8,
62C8,
5AA8,
5267,
5246,
4A26,
4A05,
4205,
41E4,
41E4,
41E4,
41E4,
4205,
4A25,
5246,
5267,
5AA7,
5AC8,
5AC8,
62C8,
5AC8,
5AC8,
5AC8,
62C8,
62C9,
62E9,
62E9,
62E9,
62E9,
62E9,
6309,
62E9,
62E9,
5AA8,
4A26,
28E1,
2902,
2902,
2902,
2942,
3163,
3183,
39A4,
41A4,
3984,
2922,
20E1,
28E1,
2902,
3122,
3943,
4A06,
4A06,
41C5,
3963,
3963,
41A4,
41C5,
3984,
3143,
3163,
3984,
39A4,
41E5,
5267,
62C9,
6B2A,
6B4A,
6B4A,
6B2A,
736B,
738B,
7B8B,
734A,
7BCC,
9CB0,
BD94,
BD93,
BDD4,
BDB4,
BDB4,
BDB4,
BD93,
BD93,
BD93,
BD93,
BD93,
C594,
C5B4,
C5B4,
C5B4,
C5B4,
C5B4,
C5B4,
C5D4,
CDD4,
CDD4,
CDD4,
CDD4,
CDD4,
CDD4,
CDD4,
CDB3,
CDB3,
C593,
C592,
C572,
BD10,
B4CF,
AC6E,
A44E,
AC4E,
AC4E,
AC2F,
AC2F,
AC4F,
AC2F,
AC2F,
AC0E,
AC0E,
AC2E,
AC0E,
A3EE,
A40E,
A3ED,
9BCD,
9BAD,
9BAD,
9BAD,
938C,
938C,
936C,
934B,
8B2B,
82EA,
7AC9,
7AA9,
7288,
7268,
7267,
6A27,
6226,
59E5,
6206,
6AA8,
834B,
A44E,
ACD0,
B4F0,
B510,
B510,
B511,
B511,
B511,
B511,
B531,
B511,
B511,
B531,
B531,
B531,
B511,
ACF0,
ACF0,
ACF0,
ACF0,
B511,
B511,
ACF0,
A4AF,
9C6F,
A48F,
A4AF,
ACD0,
ACD0,
A4D0,
9C8F,
942E,
8BED,
8BED,
8BED,
8BED,
8BED,
8BED,
83CC,
7B8B,
734A,
734A,
736B,
736B,
734A,
736A,
736A,
6B4A,
6B29,
6B29,
6309,
62C8,
5AA7,
5267,
4A46,
4A05,
41E5,
41E4,
41E4,
39C4,
39A4,
39A4,
39C4,
41C4,
41E4,
41E4,
4A05,
4A46,
5266,
5A87,
5AC8,
62C8,
62C8,
5AC8,
5AC8,
5AC8,
5AC8,
5AC8,
62C9,
62E9,
62E9,
6309,
62E9,
62E9,
6309,
62E9,
62C8,
5267,
4205,
2902,
2922,
3122,
2922,
3143,
3163,
3983,
39A4,
41C4,
3983,
2901,
20C0,
20C1,
28E1,
3102,
3143,
5246,
5226,
41C5,
3142,
3963,
4A05,
5267,
5246,
4A05,
4A05,
4A05,
4A06,
5246,
5267,
5A87,
5A87,
5287,
5267,
4A46,
4A46,
4A46,
4A46,
4A05,
5287,
8C2D,
B573,
BDB3,
BDD4,
C5D4,
BDD4,
BDB3,
BD93,
BD93,
BD93,
BD93,
BD93,
C5B4,
C5B4,
C5B4,
C5B4,
C5B4,
C5B4,
C5B4,
C5B4,
C5B4,
C5B4,
C5D4,
CDD4,
CDD4,
CDD4,
CDD3,
CDB3,
C5B3,
C5B3,
C592,
C572,
BD31,
B4D0,
AC6E,
A44E,
A42E,
A42E,
A42E,
AC2E,
AC2F,
AC2F,
A40E,
A40E,
AC0E,
AC0E,
A3EE,
A3EE,
A3EE,
A3CD,
9BAD,
9BAD,
9BAD,
938C,
936C,
936C,
8B2B,
8B0A,
82CA,
7AA9,
7288,
7268,
6A47,
6A27,
6206,
59E5,
59C5,
59C5,
6A67,
832A,
93CC,
AC8F,
B4D0,
B511,
B511,
B511,
B531,
B531,
B511,
B531,
B531,
B531,
B531,
BD52,
BD52,
B531,
B511,
ACD0,
ACD0,
ACD0,
ACF0,
AD10,
B511,
ACF1,
ACD0,
A4D0,
ACD0,
ACF0,
AD11,
B531,
AD11,
A4D0,
9C8F,
944E,
942E,
942E,
942E,
942E,
942E,
8C0E,
8BED,
83CD,
83ED,
8C0D,
83ED,
7BAC,
7B8B,
736B,
6B2A,
62E9,
62E9,
5AA8,
5287,
5246,
4A26,
4A05,
41E5,
41C4,
39A4,
39A4,
3984,
3983,
3984,
39A4,
41C4,
41E4,
4A05,
4A26,
5266,
5287,
5AA8,
62C8,
62C9,
62C8,
62C8,
5AC8,
5AC8,
5AC8,
62C8,
62C9,
62E9,
62E9,
6B09,
62E9,
62E9,
62E9,
62C8,
5A87,
4A26,
39A4,
2901,
3122,
3142,
3142,
3963,
3963,
3983,
41A4,
41A4,
3963,
28E1,
18A0,
20A0,
20E1,
2902,
3142,
3983,
3983,
3143,
3122,
3983,
4A05,
5246,
5246,
4A26,
41E5,
39C4,
39C4,
41E5,
4A05,
4A05,
4205,
4205,
4A25,
4A46,
4A46,
4A26,
4A46,
5246,
6309,
944E,
BDB4,
BDB4,
BDB3,
BDB3,
BDB3,
BD93,
BDB4,
BD93,
BD93,
BD73,
BD93,
C5B4,
C5D4,
C5D4,
C5B4,
C5B4,
C5B4,
C5B4,
C5B4,
C5B4,
C5B4,
C5B4,
C5B4,
CDB3,
CDB3,
CDB3,
C5B3,
C5B3,
C5B3,
C592,
C592,
BD51,
B4F0,
AC8F,
A44E,
A44E,
A42E,
A42E,
A42E,
A40E,
A3EE,
A3EE,
A3CE,
A3CE,
A3EE,
A3CD,
9BAD,
9BAD,
9BAD,
9B8D,
938C,
938C,
936C,
8B4B,
8B2B,
82CA,
7AA9,
7268,
7247,
6A27,
6206,
61E6,
59C5,
59C5,
51A4,
51A4,
59E5,
72A8,
8B8B,
9C2E,
ACD0,
B4F0,
B511,
B511,
B511,
B531,
B531,
B511,
B511,
B511,
B511,
B531,
BD52,
BD52,
BD52,
B511,
ACF0,
A4CF,
A4CF,
ACF0,
B511,
B511,
B511,
B511,
B511,
AD11,
B511,
B531,
B552,
B531,
AD11,
A4B0,
9C6F,
9C6F,
9C6F,
9C6F,
9C6F,
944F,
944E,
942E,
8C2E,
8C2E,
944E,
944E,
8C2E,
8C0D,
83ED,
7BCC,
738B,
6B2A,
6309,
5AA8,
5267,
5246,
4A26,
4205,
41E5,
41C4,
39A4,
39A4,
39A4,
39A4,
39C4,
41E5,
4205,
4A26,
5246,
5287,
5AA7,
5AC8,
62E8,
62E9,
62C8,
62C8,
62C8,
62C8,
62C8,
62C9,
62E9,
62E9,
62E9,
6B09,
62E9,
62E9,
62C9,
5AA8,
5246,
41E5,
3163,
2922,
3122,
3122,
3142,
3963,
3963,
3963,
3983,
3984,
3963,
2902,
20C0,
20C0,
28E1,
2902,
3142,
3963,
3142,
3142,
3143,
3983,
41C4,
41E5,
41E5,
3183,
2922,
2942,
39A3,
41E4,
4A05,
4A26,
5246,
5287,
5287,
5AC8,
62E8,
6309,
6B29,
734A,
83EC,
9CAF,
B552,
BDB4,
BD93,
BD93,
BDB3,
BD93,
BD93,
BD73,
BD73,
BD93,
BD93,
C5B4,
C5B4,
C5D4,
C5D4,
C5D4,
C5B4,
C5B4,
C5B4,
C5B4,
C5B4,
C5B3,
C5B3,
CDB4,
C5B3,
C5B3,
C5B3,
C5B3,
C5B3,
C592,
C592,
C552,
BD11,
B4D0,
AC8F,
A44E,
A42E,
A40E,
A40E,
A3ED,
A3CD,
9BCD,
9BAD,
9BAD,
9BAD,
9B8D,
9B8C,
936C,
936C,
936C,
936C,
936C,
8B2B,
7AA9,
7267,
61E6,
61C5,
5984,
5984,
59A5,
5984,
5184,
5184,
4963,
5184,
59C5,
6A67,
836B,
9C2E,
ACB0,
B511,
BD31,
B531,
BD31,
B531,
B531,
B511,
B531,
B531,
B531,
B532,
BD52,
BD52,
BD52,
BD52,
B532,
B511,
B511,
B531,
BD52,
BD72,
BD52,
BD52,
B532,
B531,
B552,
B531,
B531,
B532,
B552,
B531,
ACF1,
A4D0,
A4D1,
A4D1,
A4D0,
9C90,
946F,
8C2E,
83CD,
7B8B,
7B8B,
7B8B,
7BAC,
83CC,
83ED,
83ED,
83ED,
83CC,
7B8C,
7B8B,
736B,
734A,
6B0A,
62C8,
5287,
5247,
4A05,
41E5,
41C4,
39A4,
39A4,
41C4,
41E5,
4205,
5246,
5267,
5A87,
5AA8,
5AC8,
62E9,
62E9,
62C9,
62C9,
62C8,
62C9,
62C8,
62C9,
62E9,
6309,
6B0A,
6B0A,
6309,
62C9,
5AA8,
5267,
4A05,
39A4,
2942,
2922,
3142,
3142,
3143,
3963,
3983,
3963,
3963,
3963,
3963,
3122,
20C1,
20C1,
28E1,
2922,
3163,
3983,
3163,
3143,
3142,
3142,
3163,
3183,
3983,
2942,
2922,
3183,
4205,
5246,
5287,
5AA7,
5AC8,
62C8,
5AC7,
62E8,
62E8,
6309,
6309,
6B29,
7BAB,
946E,
AD31,
BDB3,
BD93,
BD93,
BDB3,
BD93,
BD93,
BD73,
BD73,
BD73,
BD93,
C5B4,
C5B4,
C5D5,
C5D5,
C5D4,
C5D4,
C5B4,
C5B4,
C5B4,
C5B4,
C5B3,
C5B3,
C5B3,
C593,
C593,
C593,
C593,
C592,
C572,
C572,
C572,
BD51,
B4F0,
ACAF,
AC6F,
A42E,
A40E,
9BED,
9BCD,
9BAC,
9B8C,
938C,
936C,
936C,
936C,
936C,
8B2B,
934B,
934C,
934B,
8B0B,
7AA9,
6206,
5184,
4923,
4922,
4102,
4902,
4943,
4943,
4943,
4963,
4963,
51C5,
6247,
7B0A,
9C0D,
ACB0,
B4F1,
BD32,
BD31,
BD31,
BD52,
BD52,
BD31,
B531,
B531,
B531,
B532,
BD52,
BD52,
BD52,
BD52,
BD52,
BD52,
BD52,
BD72,
BD92,
C593,
C593,
C593,
C593,
BD72,
BD52,
BD72,
B552,
B552,
B552,
B552,
B552,
AD11,
ACF1,
ACF1,
ACF1,
ACF1,
A4D1,
9C90,
942E,
83CC,
736B,
6B0A,
6B09,
62E9,
62E9,
6B09,
6B2A,
6B2A,
6B2A,
736B,
734A,
6B2A,
6B2A,
6B2A,
6B2A,
6B0A,
6B09,
62C9,
5AA8,
5287,
5246,
4A26,
4A26,
5246,
5267,
5267,
5A87,
5AA8,
5AA8,
62C8,
62E9,
62E9,
62E9,
62E9,
62E9,
62C9,
62C8,
62C9,
62E9,
6B0A,
6B2A,
6B2A,
6B0A,
62E9,
5AA8,
5247,
41E5,
3183,
2942,
2922,
2922,
2922,
3122,
3163,
3163,
3143,
3143,
3143,
3143,
2902,
20C1,
20A0,
20C1,
2902,
3163,
3983,
3983,
3183,
3163,
3142,
2942,
3163,
3183,
3983,
39A4,
4A05,
5287,
5A87,
5A87,
5A87,
5A87,
5266,
5266,
5266,
5266,
5266,
5266,
5287,
6309,
8C2D,
A511,
BDB3,
BDB3,
BD93,
BD93,
B593,
B573,
B552,
B552,
B552,
BD73,
BD93,
C5B4,
C5D4,
C5D5,
CDF5,
CDD5,
CDD4,
C5D4,
C5B4,
C5B4,
C5B4,
C5B4,
C593,
C593,
C593,
C592,
C592,
C592,
C572,
C572,
C572,
C552,
BD31,
B4D0,
AC90,
A44F,
A40E,
9BED,
93AC,
938C,
936C,
934B,
934B,
934B,
932B,
932B,
8B0B,
8B2B,
932B,
8B0A,
7AA9,
6206,
5143,
40E1,
38C1,
40E1,
40E1,
4102,
4943,
4943,
5163,
5184,
51A4,
6A47,
7B0A,
93ED,
ACB0,
BD31,
BD32,
BD52,
BD52,
BD52,
BD52,
BD52,
BD52,
BD51,
B531,
B531,
B532,
BD52,
BD52,
BD52,
BD52,
BD72,
BD72,
BD72,
C593,
C593,
C593,
C5B3,
C5B4,
C5B4,
BD93,
BD72,
BD72,
BD72,
BD72,
B552,
B552,
B532,
B532,
B532,
AD32,
B532,
B532,
AD12,
A4F1,
9C8F,
8C0D,
7BAC,
734A,
6B2A,
62E9,
5AA8,
5A88,
5A88,
5A88,
5A88,
5A88,
5267,
5246,
5246,
5267,
5287,
5A87,
5A87,
5AA8,
62C8,
62E9,
62E9,
62E9,
62E9,
62E9,
6B09,
6B0A,
6B2A,
6B2A,
6B0A,
6B0A,
6B2A,
6B2A,
6B2A,
6B09,
62E9,
62C9,
62C8,
62E9,
6B0A,
6B2A,
6B4A,
734B,
6B2A,
62E9,
5A88,
4A26,
41C5,
3163,
2922,
2102,
2122,
2902,
2922,
3143,
3163,
3143,
3143,
3123,
3123,
2902,
18C0,
18A0,
20C0,
2102,
3143,
3183,
3984,
3984,
3183,
3163,
3163,
3163,
3183,
39C4,
41C4,
4A06,
5266,
5266,
4A46,
4A25,
4A25,
4A25,
4A05,
4A05,
4A05,
4A25,
4A25,
4A46,
5AC8,
83CC,
A4D0,
BD93,
BDB3,
BDB3,
BD93,
B593,
B573,
B552,
B532,
B532,
B552,
BD73,
BD94,
C5B4,
C5D4,
CDF5,
CDF5,
CDF5,
CDD5,
CDD4,
CDD4,
C5B4,
C5B4,
C593,
C593,
C593,
C593,
C593,
C592,
C592,
C592,
C572,
C572,
BD31,
B4F0,
B4B0,
AC6F,
A40E,
9BED,
93AC,
938C,
8B4B,
8B2B,
8B0B,
8B0B,
8B0B,
8AEA,
8B0B,
8B0A,
82EA,
7A89,
6A27,
5984,
4902,
38C1,
40E1,
4102,
4922,
4922,
4943,
4943,
5184,
59E5,
6A67,
834A,
9C0D,
AC8F,
B511,
BD52,
BD32,
B531,
BD52,
BD72,
BD72,
BD52,
BD52,
BD52,
BD52,
B532,
BD52,
BD52,
BD72,
BD52,
BD52,
BD72,
BD72,
BD72,
BD72,
BD72,
BD72,
BD73,
C593,
C593,
BD73,
BD72,
BD72,
B552,
B552,
B552,
B532,
B532,
B512,
AD11,
AD11,
AD11,
ACF1,
A4D1,
9CB0,
9C8F,
944E,
8C2E,
83CC,
7B8C,
734A,
6309,
5AA8,
5287,
5246,
4A26,
4A05,
41E5,
41C5,
39C4,
41C4,
41C4,
39C4,
39A4,
41E5,
4A26,
5288,
62C9,
62E9,
6B2A,
6B4B,
734B,
736B,
738B,
7B8B,
738B,
736B,
736B,
736B,
734A,
6B2A,
6B0A,
62E9,
62E9,
6B0A,
734A,
736B,
734B,
734A,
6B2A,
62C9,
5267,
4A06,
39A4,
3163,
2922,
20E2,
2102,
2102,
2102,
2943,
3143,
2943,
3143,
2922,
2922,
20E2,
20E1,
20E2,
20E1,
2902,
3143,
3163,
3163,
3184,
3163,
3163,
3143,
2963,
2963,
3143,
3163,
39A4,
41E5,
4A05,
4A05,
4A25,
4A25,
4A25,
4A04,
4A05,
4A05,
4A25,
4A26,
5246,
62C8,
736A,
948F,
B572,
BD93,
BDB3,
BDB3,
BD93,
BD93,
B552,
B552,
B532,
B532,
B553,
BD73,
C5B4,
C5B4,
CDF5,
CDF5,
CDF5,
CDF5,
CDF5,
CDF4,
CDD4,
C5D4,
C5B4,
C593,
C593,
C593,
C593,
C592,
C592,
C592,
C572,
C552,
BD31,
BD11,
B4B0,
AC8F,
A42E,
9BCD,
938C,
8B6B,
8B2B,
82EA,
82CA,
82CA,
82CA,
82CA,
82CA,
82AA,
7A88,
6A27,
61A5,
5143,
4902,
4102,
4922,
4942,
4942,
4942,
4943,
5183,
6205,
72A8,
8B6B,
9C2D,
ACB0,
B4F0,
B511,
B531,
B531,
BD51,
BD72,
BD72,
BD72,
BD52,
BD52,
BD52,
BD52,
BD52,
BD52,
BD72,
BD72,
BD72,
BD72,
BD72,
BD52,
BD52,
B532,
B532,
B532,
B532,
B552,
B552,
B552,
B552,
B532,
B532,
AD11,
AD11,
AD11,
ACF1,
A4F1,
A4D0,
9C90,
9C8F,
946F,
8C2E,
8C2E,
8C2E,
8C2E,
8C2E,
83CD,
7BAC,
736B,
6B09,
5AA8,
5246,
4A05,
41E5,
41E5,
41E5,
41C4,
39C4,
39A4,
39A4,
39A4,
39A4,
39A4,
41C5,
4206,
4A26,
5267,
5AA8,
62E9,
6B2A,
734A,
736B,
7B8B,
7B8C,
7B8C,
7B8C,
738B,
736B,
734A,
6B2A,
6B2A,
6B2A,
736B,
7B8C,
7B8C,
736B,
734B,
6B2A,
62C9,
5267,
41E5,
3984,
3143,
2922,
1081,
10A1,
10A1,
18A1,
18E2,
20E2,
20E2,
2102,
20E2,
2102,
20E2,
2102,
2923,
2923,
2922,
2923,
2943,
2943,
2943,
2943,
2943,
2943,
2943,
2943,
2922,
3143,
3983,
41C4,
41E4,
4A05,
5246,
4A45,
4A25,
4204,
4A05,
4A25,
5246,
5266,
5A87,
6B09,
734A,
946E,
B572,
BDB3,
BDB3,
BDB3,
BD93,
BD93,
B552,
B532,
B512,
AD11,
B532,
B553,
BD73,
BD94,
C5B4,
C5D4,
CDD4,
CDF5,
CDF5,
CDF5,
CDF4,
CDD4,
C5B4,
C5B4,
C593,
C593,
C592,
C592,
C572,
C572,
C572,
C572,
BD31,
BD11,
B4D0,
AC90,
A42E,
9BCD,
8B6B,
8B4B,
830A,
7AC9,
7AA9,
7AA9,
7AA9,
7A89,
7A89,
7A68,
7227,
69E6,
5984,
5143,
4923,
4943,
4942,
4943,
4942,
4963,
59A4,
6246,
7AE9,
8B8B,
A42E,
B4B0,
B511,
B511,
B511,
B531,
B531,
BD72,
BD72,
BD72,
BD72,
BD52,
BD52,
BD52,
BD52,
BD52,
BD52,
BD52,
BD52,
BD52,
B552,
B532,
B531,
B511,
ACF0,
ACD0,
ACD0,
ACD0,
A4D0,
A4D0,
A4D0,
A4D0,
A4D0,
A4B0,
A4B0,
A4B0,
A4B0,
9C8F,
9C6F,
944E,
944E,
8C2E,
8C0D,
83CC,
7BAC,
7BAC,
83CC,
83CC,
7BAC,
7B8C,
734B,
6309,
5AA8,
4A46,
41E5,
41C4,
41C4,
41C4,
39A4,
39A4,
3984,
3984,
39A4,
39C4,
39A4,
41C4,
41E5,
4A26,
5247,
5A88,
62C9,
62E9,
6B2A,
6B4A,
736B,
736B,
736B,
736B,
736B,
6B4A,
6B2A,
6B4A,
6B4A,
734B,
736B,
7BAC,
7B8C,
736B,
736B,
6B2A,
5AC9,
5247,
41E5,
3984,
3143,
2902,
0020,
0840,
0840,
0840,
0860,
0860,
1060,
1080,
1081,
18A1,
18A1,
18C1,
20E2,
20E2,
18C1,
20E1,
20C1,
20C1,
20E1,
20E1,
20E1,
2102,
2102,
2122,
2943,
3183,
41C4,
41E5,
41E5,
4A05,
5226,
5225,
4A25,
4A05,
5246,
5267,
62C8,
62C8,
5AA8,
6B09,
734A,
946E,
B552,
BD93,
BDB3,
BDB3,
BD93,
BD93,
B552,
B532,
AD12,
ACF1,
ACF1,
B512,
B553,
BD73,
BD94,
C594,
C5B4,
CDD4,
CDF4,
CDF5,
CDF4,
CDD4,
C5B4,
C5B4,
C593,
C593,
BD72,
BD72,
BD72,
BD72,
C572,
C572,
BD31,
BD11,
BCF1,
B4B0,
A42E,
93CD,
8B6B,
8B4B,
830A,
72A8,
7288,
7288,
7268,
7248,
7227,
7207,
69E6,
61C6,
59A5,
5964,
5164,
5163,
4942,
4962,
4963,
59E4,
7287,
834A,
9BEC,
A44E,
B4D0,
BCF1,
BD11,
B511,
B531,
B531,
B531,
BD72,
BD52,
BD52,
BD52,
BD52,
BD52,
BD52,
B532,
B531,
B531,
B511,
ACF1,
ACF0,
ACF0,
ACD0,
A4B0,
A48F,
9C6F,
9C6F,
9C4E,
9C4E,
944E,
944E,
942E,
8C0D,
8C0E,
8C0E,
8C0D,
8BED,
8BED,
83ED,
83CC,
83AC,
83CD,
83CC,
7BAC,
736B,
734A,
734A,
6B2A,
6B2A,
6B2A,
6B2A,
6B09,
62E9,
5AA8,
5247,
4A26,
4205,
41E5,
41E5,
41C4,
39A4,
39A4,
39A4,
41C4,
41C5,
39C4,
41E5,
4A26,
5267,
5AA8,
62C9,
62E9,
630A,
6B2A,
6B2A,
734A,
734A,
734A,
6B4A,
6B2A,
6B0A,
6B2A,
6B4A,
734B,
734B,
736B,
7BAC,
7B8C,
736B,
734B,
630A,
5AA8,
4A47,
41E5,
39A4,
3163,
3143,
0020,
0040,
0040,
0020,
0020,
0020,
0820,
0840,
0820,
0840,
0840,
1060,
1080,
1060,
1060,
1080,
1060,
1060,
1060,
1060,
1060,
1060,
1080,
18A1,
20E2,
2943,
39C4,
4205,
4205,
4A25,
5246,
5246,
5246,
5246,
5267,
5AA7,
62E8,
62C8,
5A87,
62C8,
6B09,
8C2D,
AD31,
B572,
BD93,
BDB3,
BDB3,
BD93,
BD73,
B552,
AD12,
ACF1,
ACF1,
AD12,
B532,
B553,
BD73,
BD73,
C593,
C5B4,
CDD4,
CDD4,
CDF4,
CDF4,
C5D4,
C5B4,
C593,
C593,
BD73,
BD72,
BD72,
BD72,
C572,
BD52,
BD31,
BD11,
BD11,
B4D0,
A44E,
93CD,
8B6B,
834B,
7AE9,
7288,
6A47,
6A47,
6A27,
69E7,
69E6,
61C6,
61C6,
61A5,
5985,
5984,
5164,
5164,
51A4,
51C4,
5A05,
72A8,
93AC,
A44E,
B4B0,
BCF1,
BD11,
BD11,
B511,
B511,
B531,
B531,
B531,
B551,
B551,
B551,
B532,
B552,
B552,
B531,
B511,
AD11,
ACF0,
ACD0,
A4AF,
9C8F,
9C6F,
9C6F,
9C4E,
942E,
940D,
8C0D,
8BED,
8BED,
8C0D,
8BED,
83AC,
7B8B,
7B6B,
7B6B,
7B6B,
7B6B,
734B,
734A,
732A,
734A,
734A,
734A,
6B2A,
62E9,
62C8,
5AA8,
5A87,
5267,
5267,
5267,
5A87,
5A87,
5287,
5267,
4A46,
4A26,
4A05,
4205,
41E5,
41E5,
41E5,
41E5,
41E5,
41E5,
4A06,
4A26,
4A47,
5267,
5AA8,
62C9,
62E9,
6B0A,
6B0A,
6B2A,
6B2A,
6B2A,
6B2A,
6B2A,
6B2A,
6B2A,
6B2A,
734B,
736B,
736B,
7B8B,
7BAC,
7B8C,
736B,
6B2A,
62C9,
5267,
4A26,
4206,
41E5,
39A5,
39A4,
0020,
0020,
0020,
0020,
0020,
0020,
0820,
0820,
0820,
0820,
0820,
0820,
0820,
0820,
0820,
0820,
0820,
0820,
0820,
0820,
0820,
0820,
0840,
0840,
10A1,
3183,
39C4,
4205,
4A25,
4A25,
5246,
4A25,
4A25,
5246,
5266,
5266,
5266,
5266,
5266,
5267,
62C8,
83ED,
AD11,
BD93,
BD93,
BD93,
B573,
BD93,
B573,
B552,
B532,
AD32,
B532,
B552,
B552,
B552,
BD73,
BD73,
BD73,
BD93,
C594,
C5B4,
C5B4,
C5D4,
C5B4,
C594,
BD93,
BD73,
C593,
C592,
BD72,
BD72,
BD72,
BD52,
BD52,
BD31,
BD31,
BCF1,
A46E,
93ED,
834B,
834B,
7AEA,
6A68,
6A27,
6A27,
69E6,
61A6,
61A5,
61C6,
61A5,
59A5,
59A5,
59A5,
59A5,
51A4,
59C5,
6247,
7B09,
93AC,
A44F,
B4D0,
BD11,
BD11,
BD11,
BD11,
BD31,
B531,
B511,
B511,
B531,
B531,
B511,
B511,
B511,
B511,
B532,
B511,
ACF1,
ACD0,
A48F,
9C8F,
9C6F,
9C4F,
9C4F,
9C4F,
942E,
940D,
8BED,
8BED,
8BED,
8C0E,
8C0E,
8BED,
83AC,
7B8C,
734B,
732A,
6B0A,
6B09,
6AE9,
6AE9,
62C9,
62A8,
62C8,
62C9,
62C9,
5AA8,
5A88,
5A87,
5267,
4A46,
4A26,
4A06,
4205,
4205,
4A05,
4A06,
4A26,
4A26,
4A26,
4A26,
4A26,
4A26,
4A46,
4A26,
4A26,
4A26,
5246,
5267,
5A88,
5AA8,
62C9,
62E9,
6B0A,
6B0A,
6B0A,
6B0A,
6B0A,
6B0A,
6B0A,
6B0A,
6B0A,
6B2A,
6B2A,
736B,
7B8B,
7B8B,
738B,
7BAC,
7B8C,
734B,
62C9,
5247,
41C5,
3964,
3143,
3164,
3984,
3964,
0020,
0020,
0020,
0020,
0020,
0021,
0020,
0020,
0020,
0020,
0020,
0020,
0820,
0820,
0820,
0820,
0820,
0020,
0020,
0020,
0020,
0020,
0820,
0820,
10A0,
3184,
41E5,
4205,
4A25,
4A25,
4A46,
4A25,
4A46,
4A25,
4A25,
4A46,
5246,
5246,
5267,
5A87,
6B2A,
83CC,
9C8F,
AD32,
BD93,
BD93,
B573,
B573,
B573,
B552,
B552,
B552,
B552,
BD73,
BD73,
BD73,
BD73,
BD73,
BD73,
BD73,
BD93,
C593,
C594,
C594,
C594,
C593,
BD73,
BD73,
BD73,
C593,
BD72,
BD72,
BD52,
BD52,
BD31,
BD31,
BD31,
BD11,
AC8F,
9C0D,
8B6B,
834B,
7AC9,
6A68,
6A48,
6A27,
61E6,
61C6,
61A5,
61C6,
61C6,
59C6,
59C5,
59C5,
59C5,
6206,
6A67,
7B0A,
93AC,
A44F,
B4B0,
BD11,
BD11,
BD11,
BD32,
BD32,
BD32,
B531,
B531,
B531,
B531,
B531,
B511,
B511,
B4F1,
B511,
B532,
B511,
ACF1,
A4B0,
9C6F,
9C4E,
9C4E,
944E,
9C4E,
9C4E,
942E,
8BED,
8BED,
8BED,
8BED,
8C0E,
940E,
8C0E,
83CD,
83AC,
734B,
732A,
6AE9,
62C8,
62A8,
62A8,
62A8,
62C8,
5AA8,
62C8,
6309,
6B0A,
6B0A,
6B09,
62E9,
62C8,
5267,
4A46,
4A06,
41E5,
41E5,
41E5,
41E5,
4205,
4205,
41E5,
4A05,
4A26,
4A26,
4A26,
5246,
5247,
5287,
5AA8,
62C9,
630A,
6B0A,
6B2A,
6B2A,
6B0A,
6B0A,
6B0A,
6B09,
6309,
6309,
6B09,
6B0A,
6B2A,
734B,
736B,
7BAC,
7BAC,
7BAC,
7BAC,
7B8C,
6B2A,
5268,
41C5,
3123,
20C1,
18A1,
20C1,
20E2,
20C2,
0020,
0020,
0020,
0020,
0020,
0020,
0020,
0020,
0020,
0020,
0020,
0020,
0020,
0020,
0020,
0020,
0020,
0020,
0820,
0841,
0020,
0020,
0020,
0020,
1080,
31A4,
41E5,
4205,
4A05,
4A05,
4A05,
4A05,
4A25,
4205,
4A05,
5246,
5246,
4A46,
5266,
5AA7,
6B2A,
736B,
83ED,
9CB0,
B552,
B573,
B573,
B573,
B573,
B572,
B572,
B573,
BD93,
BD93,
BD93,
BD93,
BD73,
BD73,
BD73,
BD73,
BD73,
BD93,
C593,
C593,
BD73,
BD73,
BD53,
BD52,
BD73,
BD72,
BD72,
BD72,
BD31,
BD31,
BD31,
B511,
BD31,
B511,
ACAF,
A42E,
93AC,
8B6B,
7AEA,
7288,
7268,
6A48,
6A07,
6A07,
61E6,
61E6,
61E6,
61C6,
59C5,
59C5,
6226,
72A8,
8B6B,
9BED,
AC6F,
B4D1,
BCF1,
BD12,
BD11,
BD31,
BD52,
BD32,
BD32,
BD32,
BD52,
BD52,
BD52,
BD52,
B511,
B4F1,
B4F1,
B511,
B532,
B512,
ACF1,
A4B0,
9C6F,
9C6F,
9C4F,
9C6F,
9C6F,
9C6F,
9C4F,
940E,
8C0D,
8C0D,
8C0D,
8C0E,
942E,
8C0E,
8BED,
83CC,
7BAC,
7B6B,
6B2A,
62E9,
62C8,
62A8,
62C8,
62E9,
5AA8,
62E9,
6B2A,
736B,
736B,
736B,
736B,
736B,
734B,
6B0A,
62C9,
5A88,
5267,
4A26,
41E5,
41E5,
41E5,
41E5,
41E5,
4A05,
4A26,
4A46,
5267,
5287,
5AA8,
62C9,
6B0A,
734B,
734B,
6B4B,
6B2A,
6B2A,
6B0A,
6B0A,
6B0A,
6309,
62E9,
6309,
6B2A,
6B2A,
736B,
7BAC,
83CD,
83CD,
7BAC,
7B8C,
734B,
62E9,
5247,
39A5,
2902,
20A1,
1880,
1880,
18A1,
20A1,
0021,
0021,
0021,
0021,
0020,
0020,
0020,
0020,
0020,
0020,
0020,
0020,
0020,
0020,
0820,
0820,
0020,
0020,
0020,
0841,
0020,
0020,
0020,
0020,
1080,
31A4,
4205,
41E5,
4205,
4A05,
41E4,
4205,
4A05,
4A05,
4A25,
5246,
4A46,
4A25,
5267,
5AC8,
6B09,
734A,
7B8B,
8C2E,
A4D0,
AD11,
AD32,
B553,
B572,
B572,
B573,
BD93,
BD93,
BD93,
BD93,
BD93,
BD93,
BD93,
BD73,
BD73,
BD73,
BD93,
BD93,
BD93,
BD73,
BD52,
B552,
B552,
BD32,
BD52,
B531,
B531,
B511,
B511,
B4F0,
B511,
B511,
B4F0,
ACAF,
A44E,
93ED,
8BAC,
832B,
7AEA,
7AA9,
7268,
6A27,
7248,
7248,
6A27,
6A07,
6206,
6206,
6227,
72A8,
8B6B,
A40E,
AC6F,
B4D1,
BCF1,
BCF1,
BD11,
BD11,
BD31,
BD32,
BD32,
B531,
B531,
B531,
B532,
B532,
B532,
B511,
B4F1,
B4F1,
B511,
B532,
B532,
AD11,
ACD1,
A4B0,
A4B0,
A4B0,
A4B0,
ACD1,
ACD1,
A4B0,
9C6F,
944F,
944E,
942E,
942E,
942E,
940E,
8BED,
8BED,
8BED,
83CC,
7B8B,
734A,
6B2A,
6B09,
6B09,
6B09,
62E9,
62E9,
6B09,
6B2A,
6B4A,
734A,
736B,
7B8B,
7BAC,
738B,
736B,
6B4A,
6B0A,
5AC8,
5267,
4A46,
4A26,
4A06,
4205,
4205,
4A06,
4A26,
5267,
5287,
5AA8,
62E9,
6B2A,
734B,
734B,
6B4B,
6B2A,
6B2A,
6B2A,
6B2A,
6B2A,
6B0A,
6B09,
6B0A,
6B2A,
736B,
7B8B,
7BAC,
83CD,
83CC,
738B,
6B4A,
62E9,
5267,
49E6,
3164,
28E2,
20A1,
1881,
1881,
20A1,
20C2,
0020,
0020,
0020,
0020,
0020,
0020,
0020,
0020,
0020,
0020,
0020,
0020,
0020,
0020,
0820,
0820,
0020,
0020,
0020,
0020,
0020,
0020,
0020,
0020,
1080,
3184,
4206,
4205,
4205,
4A05,
4205,
4A25,
4A25,
4A25,
4A05,
4205,
4A25,
5267,
5AC8,
62E9,
6B29,
6B2A,
6B2A,
736B,
8C0D,
9CB0,
AD11,
AD32,
B572,
B573,
B573,
BD93,
BD93,
BDB4,
BDB4,
BDB4,
BD93,
BD93,
BD73,
BD73,
BD73,
BD73,
BD73,
BD73,
BD53,
B552,
B532,
B532,
B531,
B511,
ACF1,
ACF0,
ACD0,
ACD0,
ACD0,
B4F0,
B4F0,
B4F0,
ACAF,
A46E,
9C0E,
93CD,
8B8C,
832B,
7AEA,
7268,
6A27,
7248,
7A89,
7268,
7268,
7268,
72A8,
7AE9,
8B6B,
9C0E,
AC6F,
B4B0,
B4F1,
BCF1,
BD11,
BD12,
BD11,
BD11,
B511,
B511,
B511,
B4F1,
B511,
B531,
B531,
B531,
B531,
B511,
B511,
B532,
B532,
B532,
B512,
ACF1,
ACD1,
ACD1,
ACF1,
ACF1,
B512,
B532,
AD12,
ACF1,
A4B0,
A4B0,
9C6F,
9C6F,
944F,
942E,
8C2E,
8C0D,
8C0E,
8C0E,
8BED,
83ED,
83CC,
83AC,
7B8B,
7B8B,
734A,
6B2A,
6309,
6309,
62E9,
62E9,
6B0A,
734A,
734B,
6B4A,
6B4A,
734B,
734B,
6B4A,
6B2A,
6B0A,
5AA8,
5A88,
5267,
4A26,
4A26,
5246,
5267,
5A87,
5AC8,
62E9,
6B2A,
6B4B,
6B4B,
6B2A,
6B2A,
6B2A,
6B2A,
6B2A,
6B2A,
6B2A,
6B2A,
6B2A,
734B,
736B,
7B8C,
7BAC,
7BCC,
7BAC,
6B4A,
62E9,
5267,
4A06,
3984,
2923,
20C2,
18A1,
1880,
20A1,
2903,
3123,
0020,
0020,
0020,
0020,
0020,
0020,
0020,
0020,
0020,
0020,
0020,
0020,
0020,
0020,
0020,
0020,
0020,
0020,
0020,
0020,
0020,
0020,
0020,
0020,
1080,
2943,
41E5,
4205,
41E5,
4A05,
4205,
4A25,
4A05,
4A05,
41E5,
4A05,
5266,
62C8,
62E8,
5AC8,
5AA7,
5A87,
5266,
5A87,
736B,
944E,
A4F1,
AD32,
B572,
B573,
BD93,
BD93,
BDB4,
BDB4,
C5B4,
C5B4,
C5B4,
BD93,
BD73,
BD73,
BD73,
BD93,
BD93,
BD73,
B552,
B552,
B532,
B511,
B511,
ACF0,
ACD0,
A4B0,
A48F,
A4AF,
ACAF,
ACAF,
ACD0,
ACD0,
AC8F,
A46F,
9C2E,
9C0E,
93CD,
8B8C,
830A,
7268,
6A27,
6A48,
7289,
7A89,
7AA9,
830A,
8B6B,
8B8C,
9BED,
A46F,
AC70,
ACB0,
B4D1,
B511,
BD12,
BD12,
B4F1,
B4F1,
B511,
B511,
B511,
B511,
B511,
B511,
B511,
B511,
B532,
B512,
B512,
B532,
B532,
B512,
B512,
ACF1,
ACF1,
AD11,
AD12,
B532,
B532,
B532,
B532,
AD12,
AD12,
ACF1,
A4D0,
A490,
9C6F,
9C4F,
944E,
942E,
944E,
942E,
944E,
944F,
946F,
944F,
8C2E,
8C2E,
83CD,
7BAC,
736B,
6B4A,
6B2A,
6B09,
6B09,
6B09,
6309,
62E9,
5AC8,
5AC8,
62C9,
62E9,
6B0A,
6B2A,
6B2A,
6B0A,
62E9,
5AC8,
5AA8,
5AC8,
62C9,
62C9,
62E9,
6309,
6B2A,
6B2A,
6B2A,
6B2A,
6B2A,
6B2A,
6B2A,
6B2A,
6B2A,
6B2A,
734A,
736B,
738B,
7B8C,
7B8C,
7B8B,
7B8C,
736B,
6309,
5AA8,
4A47,
41C5,
3164,
2902,
20C1,
18A1,
20A1,
2903,
3985,
41C6,
0020,
0020,
0020,
0020,
0020,
0020,
0020,
0020,
0020,
0020,
0020,
0020,
0020,
0020,
0020,
0020,
0020,
0040,
0020,
0020,
0020,
0040,
0840,
0840,
0840,
18C1,
39C4,
4205,
41C4,
4205,
4205,
4A05,
4205,
4205,
4A05,
5246,
5AA7,
5AA8,
5287,
4A46,
4205,
41E5,
41E4,
4A26,
62E9,
83EC,
9CAF,
AD11,
B552,
B573,
BD93,
BDB3,
BDB4,
C5D4,
C5D4,
C5D4,
C5B4,
BD93,
BD73,
BD73,
BD73,
BD93,
BD73,
BD73,
B552,
B532,
B531,
B531,
B511,
ACF1,
ACD0,
A4B0,
A48F,
A48F,
A48F,
A48F,
A48F,
A48F,
A46F,
A46F,
9C4E,
9C2E,
9BED,
93AC,
832B,
72A9,
6A48,
6A68,
7289,
7ACA,
832B,
8B8C,
9BED,
9C0E,
9C2E,
A46F,
AC6F,
AC90,
ACB0,
B4D1,
B4F1,
B4F1,
ACD1,
ACB0,
B4D1,
B4F1,
B511,
B511,
B511,
B511,
ACF1,
ACF1,
AD11,
ACF1,
AD12,
AD12,
AD12,
AD12,
ACF1,
ACF1,
ACF1,
AD12,
B512,
AD12,
AD12,
AD12,
AD12,
ACF1,
AD12,
ACF1,
ACF1,
A4D1,
A4B0,
9C6F,
944F,
942E,
8C2E,
8C2E,
8C2E,
8C2E,
944F,
946F,
946F,
944F,
8C2E,
83ED,
7BAC,
736B,
734A,
6B2A,
62E9,
5AA8,
5287,
5247,
4A26,
4A06,
4A05,
4A06,
5247,
5A87,
62E9,
6B09,
6B0A,
6B2A,
6B2A,
734A,
734A,
6B2A,
6B2A,
6B2A,
6B2A,
6B2A,
6B2A,
6B2A,
6B2A,
6B2A,
6B2A,
6B2A,
6B2A,
734A,
736B,
7B8C,
7BAC,
7BCC,
7BAC,
7B8B,
736B,
6B2A,
62C8,
5267,
4A06,
39A4,
3143,
2902,
20C2,
20C1,
20E2,
3984,
41E6,
4A07,
0040,
0040,
0040,
0020,
0020,
0020,
0020,
0020,
0020,
0020,
0020,
0020,
0020,
0020,
0020,
0020,
0020,
0040,
0020,
0020,
0020,
0020,
0020,
0020,
0020,
1080,
31A4,
4205,
41C5,
4205,
4A05,
4A05,
4A26,
4A25,
4A26,
5266,
5266,
4A26,
41E5,
41E4,
41E4,
41E5,
4205,
5246,
62C8,
734A,
8C2D,
A4D0,
AD52,
B552,
B573,
BDB3,
BDB4,
C5D4,
C5D4,
C5D4,
BD93,
BD93,
BD53,
BD53,
BD73,
BD73,
BD73,
BD53,
B552,
B532,
B531,
B531,
B511,
AD11,
ACF0,
ACD0,
A48F,
A48F,
A46F,
9C6E,
A44E,
9C4E,
9C4E,
9C4E,
9C2E,
9C2E,
9BEE,
93AC,
8B4B,
7AC9,
7288,
7288,
7ACA,
832B,
938C,
9BEE,
A44F,
A46F,
A44F,
A46F,
A46F,
A46F,
AC90,
ACB0,
ACB0,
AC90,
A490,
A490,
A4B0,
ACD0,
ACF1,
B511,
B4F1,
ACD0,
A4B0,
A4B0,
ACD1,
ACF1,
ACF1,
ACF1,
ACF1,
ACF1,
ACF1,
ACF1,
ACF1,
AD12,
AD12,
ACF1,
A4D1,
A4D1,
A4D1,
A4D1,
ACF1,
ACF1,
ACF1,
A4D1,
A4B0,
9C90,
944F,
942E,
8BED,
83CD,
7BAC,
83AC,
83ED,
8C0E,
8C0E,
8C0D,
8C0D,
83ED,
7B8B,
6B4A,
6B09,
62E9,
5A88,
5246,
4A05,
4205,
41E5,
41E5,
41E5,
41E5,
4A06,
5246,
5267,
5AA8,
62E9,
6B2A,
736B,
7B8B,
7B8B,
736B,
736B,
734B,
734B,
6B2A,
6B2A,
6B2A,
6B2A,
6B2A,
6B2A,
6B2A,
6B2A,
736B,
7B8C,
7BCC,
83CD,
83ED,
7BAC,
7B8B,
736B,
6B0A,
5AA8,
5246,
41E5,
39A4,
3143,
2923,
2902,
2902,
3144,
41E6,
5247,
4A27,
0040,
0040,
0040,
0040,
0020,
0020,
0020,
0020,
0020,
0020,
0020,
0020,
0020,
0020,
0020,
0840,
0040,
0040,
0040,
0040,
0040,
0040,
0020,
0040,
0020,
0860,
3184,
4205,
41E5,
4205,
4205,
4A26,
4205,
4205,
4205,
4205,
4205,
41E5,
39C4,
39A4,
41E5,
41E5,
4A25,
5267,
62C8,
6B29,
7B8B,
8C2D,
A4D0,
B572,
BD93,
BDB3,
BDB4,
BDB4,
C5D4,
BDB4,
C5B4,
BD93,
BD73,
B552,
B532,
B532,
B532,
B532,
AD11,
B512,
B531,
B531,
B511,
B511,
ACF0,
A4B0,
A4AF,
A48F,
A46F,
9C4E,
9C2E,
9C2E,
9C2E,
9C2E,
9C2E,
9C0E,
9BED,
93AC,
8B4C,
7AEA,
7288,
7AC9,
830A,
938C,
9BCE,
9C0E,
A44F,
9C4F,
9C2E,
9C4F,
9C4F,
9C2F,
9C4F,
9C2F,
9C2E,
9C4F,
9C2E,
9C4F,
9C6F,
A490,
ACD0,
ACD1,
A4B0,
A490,
A48F,
A48F,
ACD1,
ACF1,
ACF1,
ACD1,
A4B0,
9C90,
9C90,
A4B0,
A4B1,
A4B1,
9C90,
9C70,
946F,
944F,
944F,
8C2E,
942F,
944F,
9C6F,
9C70,
9C90,
9C90,
946F,
944F,
83ED,
7BAC,
734B,
6B2A,
6B2A,
6B2A,
734B,
736B,
7B8B,
738B,
736B,
6B2A,
62E9,
5A87,
4A26,
41E5,
41C4,
39A4,
39A4,
39A4,
41C4,
41E5,
4205,
4A26,
4A26,
5267,
5AA8,
62E9,
6B2A,
734B,
736B,
7B8B,
736B,
736B,
736B,
736B,
734B,
6B4B,
6B2A,
6B2A,
6B2A,
6B2A,
734A,
738B,
83CC,
83ED,
83ED,
83ED,
7BCC,
7B8B,
734B,
62E9,
5267,
4A06,
41E5,
39A4,
3163,
2923,
2923,
3144,
3985,
41E6,
5247,
5248,
0040,
0040,
0040,
0020,
0020,
0020,
0020,
0020,
0020,
0020,
0020,
0020,
0020,
0020,
0020,
0020,
0020,
0020,
0040,
0040,
0040,
0040,
0840,
0840,
0020,
0840,
2943,
39C4,
39A4,
41E5,
41E5,
41E5,
41E5,
41E5,
39C4,
39C4,
39C4,
39C4,
39C4,
41C4,
4205,
4A05,
4A26,
5267,
5AA8,
62C8,
6B09,
7B8B,
946F,
AD31,
B593,
BDB3,
BDB4,
BDB4,
C5D4,
BDB4,
C5B4,
C5B4,
BD93,
B573,
B552,
B552,
B532,
AD11,
AD11,
AD11,
AD11,
AD11,
ACF1,
ACF1,
ACF0,
ACD0,
A48F,
9C6F,
9C4E,
9C2E,
9C0E,
940D,
9C0E,
9C0E,
93ED,
93CD,
93CD,
8B8C,
834B,
7ACA,
7288,
7AC9,
832B,
93AD,
9BEE,
9C0E,
9C2F,
9C2E,
940D,
940E,
8BCD,
8BCD,
93ED,
8BCD,
8BCD,
93ED,
8BCD,
93ED,
942E,
9C6F,
A48F,
A490,
9C6F,
9C4F,
9C4F,
9C6F,
9C90,
A4B0,
9C90,
944F,
8C0E,
8BED,
8BED,
8BED,
8BEE,
8BEE,
8BED,
83CD,
83CD,
83CD,
83CD,
83AD,
83AC,
83AD,
83AD,
83AD,
83CD,
83CD,
7BAC,
7B8C,
734B,
6B0A,
62A9,
5A88,
5267,
5247,
5267,
5287,
5AA8,
6B09,
736B,
736B,
62E9,
5247,
41E5,
39A4,
3984,
3183,
3163,
3163,
3983,
3984,
39A4,
41C5,
4205,
4A26,
5267,
5AA8,
6309,
6B2A,
6B2A,
736B,
736B,
736B,
736B,
736B,
736B,
736B,
734B,
734B,
6B2A,
6B2A,
734A,
736B,
7BAC,
83ED,
83ED,
840D,
83ED,
7BAC,
734B,
62C9,
4A26,
41C5,
39A4,
3984,
3143,
2923,
2923,
3143,
3144,
3985,
41C6,
49E6,
0020,
0020,
0020,
0020,
0020,
0020,
0020,
0020,
0020,
0020,
0020,
0020,
0020,
0020,
0020,
0020,
0020,
0020,
0020,
0020,
0020,
0840,
0840,
0840,
0840,
0840,
2122,
3183,
3163,
39C5,
39C5,
41C5,
41E5,
41C4,
39C4,
39C4,
39C4,
39C4,
41E5,
4205,
4205,
4A06,
4A26,
5246,
5267,
5287,
5AC8,
6B2A,
944E,
AD11,
BD93,
BDD4,
C5D4,
BDB4,
C5D4,
BDB4,
C5B4,
C5B4,
BD93,
BD73,
BD73,
B552,
B532,
AD11,
ACF1,
ACF1,
ACF1,
ACF0,
ACD0,
ACD0,
ACD0,
A4AF,
9C6F,
9C6E,
9C2E,
940D,
93ED,
93ED,
93ED,
93ED,
8BAD,
8BAD,
93AD,
8B6C,
7B0A,
7289,
6A48,
7289,
8B4C,
9BCE,
9C0E,
940E,
9C0E,
940E,
8BCD,
8BCD,
83AC,
838C,
8BAD,
83AC,
83AC,
8BCD,
8BAC,
8BCD,
940E,
9C4F,
9C6F,
9C4F,
942E,
940E,
940E,
942E,
944F,
944F,
8C0E,
83CD,
7B6B,
734B,
734B,
734B,
736B,
736B,
736B,
734B,
734B,
734B,
734B,
734B,
6B0A,
6AEA,
62C9,
62C9,
62C9,
62E9,
62C9,
62C9,
5AC9,
5AA8,
5267,
5247,
4A26,
4206,
41E5,
41E5,
4A06,
5267,
62C8,
6B09,
6B09,
5AA8,
4A26,
39C4,
3984,
3163,
3142,
3143,
3163,
3163,
3984,
39A4,
41C5,
4A05,
4A26,
5267,
62C9,
6309,
6B0A,
6B2A,
6B2A,
734A,
736B,
736B,
736B,
736B,
736B,
736B,
736B,
736B,
736B,
7B8B,
7BAC,
83CD,
83ED,
83ED,
83CD,
7B8B,
6B2A,
5AA8,
4A26,
41C4,
39A4,
3184,
3143,
2923,
2923,
2923,
2903,
2903,
3144,
3164,
0020,
0020,
0020,
0020,
0020,
0020,
0020,
0020,
0020,
0020,
0020,
0020,
0020,
0020,
0020,
0020,
0020,
0020,
0020,
0020,
0020,
0020,
0020,
0040,
0840,
0840,
2102,
3163,
2963,
39A4,
39C5,
41C5,
39C4,
39C4,
39C4,
39C4,
39C4,
39C4,
41E5,
4205,
4A05,
4A06,
4A05,
4A25,
4A26,
4A46,
5A87,
6309,
8C4E,
AD31,
BDB3,
BDD4,
C5D4,
BDB4,
C5D4,
C5D4,
C5D4,
C5D4,
C5B4,
BD93,
BD93,
BD73,
B552,
B532,
ACF1,
ACF1,
ACF0,
A4D0,
ACD0,
A4D0,
A4AF,
9C6E,
9C4E,
942E,
940D,
93ED,
8BED,
8BCC,
8BAC,
8BAC,
8BAC,
8B8C,
8B8C,
7B0A,
7289,
6227,
59C6,
6227,
832B,
93AD,
9BEE,
93CD,
93CD,
8BED,
8BAC,
83AC,
83AC,
838C,
8BCD,
8BAD,
8BAD,
8BCD,
8BCD,
8BED,
942E,
9C2E,
9C2E,
940E,
8BED,
8BCD,
8BCD,
8BED,
8C0E,
8C0E,
8BED,
83AC,
7B6B,
734B,
734B,
736B,
736B,
736B,
734B,
6B2A,
6B0A,
6B2A,
732B,
6B2A,
6B0A,
62E9,
5AA8,
5A88,
5A88,
5AA8,
5AA8,
5A88,
5288,
5267,
5267,
5247,
4A26,
4A06,
4A06,
4A06,
4A26,
4A06,
4A26,
5267,
62C8,
62C9,
5AA8,
5247,
41C5,
3984,
3163,
3143,
3163,
3163,
39A4,
39C4,
41C5,
4205,
4A26,
5267,
62C9,
6309,
6B0A,
6B2A,
6B2A,
6B2A,
734B,
736B,
736B,
736B,
738C,
738C,
7B8C,
7BAC,
7BAC,
7BAC,
7BAC,
7BAC,
7BAC,
7BAC,
736B,
6B4A,
62E9,
5A88,
4A26,
41E5,
39C5,
3984,
2923,
2903,
2902,
2902,
20E2,
20E2,
28E2,
2903,
0020,
0020,
0020,
0020,
0020,
0020,
0020,
0020,
0020,
0020,
0020,
0020,
0020,
0020,
0020,
0020,
0020,
0020,
0820,
0020,
0020,
0020,
0020,
0020,
0820,
0020,
2102,
3163,
3184,
39C5,
39C5,
39C5,
39A4,
39A4,
39C4,
41E5,
41E5,
41E5,
41E5,
4205,
4205,
4A05,
4205,
41E5,
4205,
4A05,
5266,
5AC8,
8C0D,
A4F1,
B593,
BDD4,
BDD4,
BDD4,
C5F4,
C5F5,
C5D4,
C5D4,
C5D4,
C5D4,
C5B4,
BDB4,
BD73,
B552,
AD32,
AD11,
ACF0,
A4D0,
A4D0,
A4D0,
A48F,
9C4E,
9C4E,
942D,
93ED,
93ED,
8BCD,
8BAC,
8B8C,
838C,
8B8C,
8B6C,
832B,
72A9,
6207,
51A5,
4964,
51A5,
72A9,
8B6C,
93AD,
8B8C,
8B8C,
83AC,
838C,
83AD,
83AC,
83AC,
8BCD,
8BCD,
8BCD,
8BED,
8BED,
940E,
942E,
942E,
940E,
8BED,
83AC,
83AC,
8BCD,
8BED,
8C0E,
8C0E,
8BED,
83CD,
7BAC,
7BAC,
7BAC,
7BAC,
7BAC,
7B8C,
736B,
6B2A,
6B2A,
6B4B,
734B,
736B,
734B,
6B0A,
62C9,
5AA8,
5AA8,
62A9,
5AC9,
5AC9,
5AA8,
5AA8,
5A88,
5267,
4A47,
4A26,
4A26,
4A26,
5247,
5247,
5247,
5246,
5246,
5267,
5A87,
5AA8,
4A26,
41E5,
39A4,
3163,
3163,
3183,
39A4,
39C4,
41E5,
4A05,
4A26,
5287,
62E9,
6B0A,
6B2A,
6B2A,
6B4A,
734A,
734B,
736B,
736B,
7B8C,
7BAC,
7BAC,
7BAC,
83CD,
83CD,
7BCC,
7BAC,
7BAC,
7B8C,
736B,
6B2A,
62E9,
5AA8,
5267,
4A26,
4A05,
41C5,
3984,
3143,
2902,
2902,
2902,
20E2,
20E2,
20E2,
20E2,
0020,
0020,
0020,
0020,
0020,
0020,
0020,
0020,
0000,
0000,
0000,
0000,
0000,
0000,
0000,
0000,
0000,
0000,
0000,
0000,
0000,
0000,
0020,
0020,
0820,
0000,
18E2,
3164,
39A4,
41E6,
39A5,
3164,
3184,
3183,
39A4,
39A4,
39C4,
39C4,
41C4,
41E5,
39C4,
41E5,
41E5,
41E5,
4205,
4A05,
4A46,
5A87,
83CC,
A4D0,
B593,
C5D4,
C5D4,
BDD4,
C5F4,
C5F4,
C5F5,
C5F5,
CDF5,
C5D4,
C5D4,
C5D4,
C594,
BD73,
B552,
B532,
ACF0,
A4D0,
A4D0,
A4D0,
A48F,
9C4E,
9C4E,
940D,
93ED,
93ED,
8BCD,
8BAC,
8B8C,
8B8C,
8B6C,
832B,
72CA,
6227,
51A5,
4944,
4103,
4944,
6A48,
7B0B,
8B6C,
836C,
836C,
7B6B,
7B6B,
838C,
838C,
838C,
8BCD,
83AD,
8BCD,
8BED,
8BED,
940E,
942E,
942E,
940E,
8BED,
8BCD,
8BCD,
8BED,
8C0D,
8C0E,
8C2E,
8C0E,
83ED,
83CD,
83CD,
83CD,
83CD,
83ED,
83CD,
7B8C,
736B,
736B,
736B,
7B8C,
7B8C,
7B6C,
734B,
6B2A,
6B0A,
6AEA,
62E9,
62C9,
62C9,
630A,
6B0A,
6B0A,
62E9,
5AC9,
5267,
4A47,
4A26,
5247,
5267,
5A87,
5267,
4A26,
4A26,
4A46,
5267,
5287,
5247,
4A05,
41C5,
39A4,
39A4,
39A4,
41C5,
41E5,
4A26,
5267,
5AA8,
6309,
6B2A,
6B2A,
734A,
734B,
734B,
734B,
736B,
738C,
7BAC,
7BCD,
83CD,
83CD,
83ED,
83ED,
83ED,
83ED,
83CC,
7B8B,
734B,
6B0A,
62C8,
5A87,
4A46,
4A06,
4205,
41E5,
3984,
3144,
2903,
2902,
2902,
2902,
28E2,
20E2,
20C2,
0820,
0820,
0820,
0820,
0820,
0000,
0000,
0000,
0000,
0000,
0000,
0000,
0000,
0000,
0000,
0000,
0800,
0800,
0800,
0000,
0820,
0820,
0820,
0820,
0820,
0820,
2102,
3184,
3184,
39C5,
3164,
2943,
2122,
2102,
2922,
2942,
3143,
3163,
3183,
3183,
3983,
39A4,
39C4,
41C5,
4A05,
4A25,
4A46,
5287,
738B,
9C8F,
B572,
BDD4,
C5D4,
BDD4,
C5F4,
C5D4,
CE15,
CE15,
CE15,
CDF5,
CDF5,
C5F5,
C5D4,
C5B4,
BD93,
BD73,
B532,
AD11,
ACF0,
A4D0,
A48F,
9C4E,
942D,
8BED,
8BCC,
8BAC,
83AC,
836B,
834B,
834B,
7B0A,
72C9,
6248,
51A5,
4124,
38E3,
38A2,
38E3,
51A5,
6A69,
7B0B,
7B4B,
834C,
7B2B,
730A,
7B4B,
7B6C,
7B6C,
83AC,
83AD,
83CD,
8BED,
8BED,
940E,
942E,
940E,
940E,
8BEE,
8BED,
940E,
940E,
942E,
942E,
944E,
8C2E,
8C0D,
83CD,
83CD,
83CD,
83CD,
83CD,
83CD,
7BCC,
7BAC,
7B8C,
7BAC,
7BAC,
7BAC,
7BAD,
7B8C,
7B8C,
7B8C,
736C,
6B2B,
62EA,
62EA,
62EA,
6B0A,
6B2B,
734B,
6B2A,
5AC9,
5267,
4A26,
4A26,
4A26,
4A26,
4A46,
5246,
5246,
4A26,
4A26,
5267,
5267,
5247,
4A46,
4A06,
41E5,
41E5,
4A05,
4A26,
5267,
5AA8,
62E9,
6B2A,
6B2A,
6B2A,
734A,
734A,
734B,
734B,
736B,
7B8C,
7BAC,
83CD,
83ED,
83ED,
8C0E,
8C0D,
83ED,
83CD,
7BAC,
736B,
6B09,
5AC8,
5A88,
5267,
4A26,
41E5,
41E5,
41E5,
39A4,
3164,
2923,
2903,
2923,
2903,
2902,
20E2,
20C2,
0820,
0820,
0820,
0820,
0820,
0000,
0000,
0000,
0000,
0000,
0000,
0020,
0000,
0020,
0000,
0820,
0000,
0800,
0800,
0800,
0800,
0820,
0820,
0820,
0820,
0840,
3164,
39A5,
3184,
3164,
2923,
2922,
20E1,
20E1,
2101,
2922,
2942,
3163,
3163,
3183,
39A4,
39C4,
39A4,
41C4,
4205,
4A25,
4A46,
5267,
6B29,
8C2E,
AD11,
B593,
BDB4,
BDD4,
C5F5,
C5F5,
CE15,
CE15,
CE15,
CDF5,
CDF5,
CE15,
CDF5,
C5D4,
C5D4,
C5B4,
BD93,
B552,
AD11,
ACF0,
A48F,
9C6E,
93ED,
8BAC,
836B,
7B4B,
7B4A,
730A,
72E9,
72E9,
6A89,
6248,
59C6,
4123,
38C2,
30A1,
2860,
3081,
38C2,
51A5,
6A69,
72EA,
7B2B,
730B,
730A,
732B,
732B,
732B,
7B6C,
7B6C,
838C,
8BCD,
8BCD,
8BED,
940E,
940E,
940E,
940E,
940E,
940E,
940E,
940E,
944F,
944F,
944E,
8C0D,
83CD,
83CD,
83CD,
83CD,
7BAC,
7BCC,
7BCC,
7BAC,
7BAC,
7BAC,
7B8C,
738C,
7B8C,
7B8C,
7B8C,
7BAC,
736C,
6B2A,
62C9,
5AC9,
5A88,
5AA8,
62C9,
62E9,
62C9,
5A88,
5247,
4A26,
41C4,
39A4,
39A4,
41E5,
4A06,
4A26,
4A26,
4A06,
4A26,
5247,
5267,
5267,
5267,
4A46,
4A26,
5246,
5267,
5AC8,
62E9,
6B2A,
734B,
734A,
6B2A,
6B4A,
734A,
734A,
734B,
736B,
7B8C,
83CD,
83ED,
8C0E,
83ED,
840E,
83ED,
83CD,
7BAC,
736B,
6B0A,
5AA8,
4A26,
4A26,
4A26,
4A05,
41C5,
41C5,
41C5,
3984,
3164,
2923,
2923,
2923,
2903,
2902,
20E2,
20C2,
0820,
0800,
0800,
0800,
0820,
0800,
0800,
0000,
0800,
0000,
0000,
0000,
0800,
0820,
0800,
0000,
0800,
0800,
0800,
0820,
0800,
0800,
0800,
0800,
0800,
18A1,
3164,
3184,
2943,
2943,
2102,
2102,
20E1,
2902,
3143,
3163,
3163,
3163,
39A4,
41C4,
41C4,
41E4,
41E5,
41E5,
41E5,
4A26,
5246,
5267,
62E9,
83ED,
A4F1,
B593,
BDD4,
C5F5,
C5F5,
C5F5,
CE15,
CE15,
CE35,
CE15,
CE15,
CE15,
CE15,
CDF5,
CDF5,
C5F5,
C5F5,
C5D4,
C594,
B552,
ACD0,
9C4E,
8BCC,
7B6B,
7B2B,
72E9,
72C9,
6267,
6227,
5A06,
51A5,
4964,
4103,
38C2,
3081,
2841,
2841,
3061,
3061,
38C2,
4144,
51E6,
6268,
6AC9,
6ACA,
730A,
730A,
730B,
730B,
732B,
7B4B,
838C,
838C,
838C,
8BCD,
8BCD,
8BCD,
8BCD,
8BCD,
8BED,
8BED,
8BED,
8C0E,
8C0E,
8BED,
83CD,
83AD,
7B8C,
7B8C,
7B8C,
7B8C,
736B,
6B2A,
6B2A,
6B2A,
6B2A,
6B0A,
6B0A,
62E9,
6B0A,
6B2A,
6B2A,
6B2A,
62E9,
5AC9,
5AA8,
5267,
5247,
4A47,
4A46,
5247,
5267,
5267,
5247,
4A26,
4A05,
41C4,
39A4,
39C4,
41C4,
41E5,
4205,
4A25,
5246,
5267,
5267,
5287,
5267,
5288,
5AA8,
62C9,
6309,
6B2A,
734A,
734A,
734A,
6B4B,
6B4B,
734B,
736B,
736B,
736B,
7BAC,
83CD,
83ED,
83CD,
83CD,
83ED,
83CD,
7BAC,
738C,
6B4B,
5AC9,
4A46,
41E5,
41E5,
41E5,
41E5,
41E5,
41E5,
41C5,
39C5,
3984,
3164,
3143,
2923,
2903,
2903,
2102,
20E2,
1060,
1060,
0840,
0840,
0840,
0820,
0820,
0000,
0000,
0000,
0000,
0000,
0000,
0800,
0800,
0800,
0800,
0000,
0800,
0820,
0800,
0800,
0820,
1040,
1040,
20C2,
3985,
3184,
2923,
20E2,
18A1,
18C1,
20E1,
2922,
3143,
3163,
3163,
3983,
39A4,
41C4,
4205,
4205,
4205,
41E5,
41E5,
4A05,
4A26,
4A26,
5AA8,
7BAC,
9C8F,
AD32,
BDB4,
C5D4,
C5F5,
C5F5,
CE15,
CE35,
CE36,
CE35,
CE15,
CE35,
CE15,
CE15,
CDF5,
CDF5,
CE15,
CE15,
C5D5,
C5B4,
B532,
A4B0,
8BED,
7B6B,
7B0A,
6AC9,
6AA9,
6227,
59E6,
51A5,
4124,
38E3,
38A2,
3081,
3061,
2840,
2840,
3041,
2820,
3061,
30A2,
3903,
49A5,
5A27,
6288,
72EA,
72EA,
72EA,
730A,
730B,
7B4B,
836C,
838C,
838C,
83AD,
83AD,
838C,
838C,
838C,
83AC,
838C,
7B8C,
7B6B,
7B6B,
734B,
732A,
6B2A,
6B0A,
6B0A,
6B0A,
62E9,
62C9,
5AA8,
5AA8,
5AA8,
5AC9,
5AA8,
5AA8,
5AA8,
5AA8,
5AA8,
5AA8,
5AA8,
5AA8,
5A88,
5287,
5247,
4A26,
4A06,
4205,
4A06,
4A26,
4A26,
4A26,
4A46,
5246,
4A46,
4A05,
39C4,
39A3,
39A3,
39C4,
41E5,
4A25,
4A46,
5267,
5A88,
5AA8,
62C9,
630A,
6B09,
6B2A,
734A,
736B,
736B,
734B,
734B,
734B,
734B,
736B,
736B,
736B,
7B8C,
7BAC,
7BCD,
7BAC,
7BAC,
7BAC,
7B8C,
736B,
734B,
6B0A,
5AA8,
4A26,
39C5,
39A4,
39A4,
39A4,
39A4,
39C5,
39A4,
39A4,
3984,
3164,
3144,
3143,
3123,
2923,
2102,
20E2,
20C1,
18C1,
18A1,
18A1,
1881,
1880,
1060,
1060,
0840,
0820,
0820,
0820,
0820,
0820,
0820,
0820,
0820,
0800,
0800,
0800,
0800,
0820,
1040,
1860,
1861,
20E2,
3164,
2923,
18A1,
1060,
1060,
18C1,
2902,
2922,
3163,
3183,
3983,
39A4,
39C4,
41E4,
41E5,
41E5,
41E5,
41E5,
41E5,
4A05,
4A26,
4A26,
5AA8,
736B,
8C2E,
A4F1,
B573,
BDB4,
C5D5,
C5F5,
CE15,
CE35,
CE36,
CE35,
CE15,
CE35,
CE15,
CE15,
CE15,
CE15,
D636,
CE36,
CE16,
CE15,
C5B4,
B512,
9C4F,
83AC,
7B2A,
6AA9,
6AA9,
5A27,
51C5,
4964,
4124,
40E3,
38C2,
38A2,
3882,
3061,
3061,
3061,
3041,
3061,
3081,
30A1,
3903,
4985,
5A27,
6AA9,
6AA9,
6ACA,
72CA,
72EA,
7B0B,
7B4B,
836C,
838C,
838C,
838C,
7B6C,
7B6C,
7B6B,
7B6B,
734B,
6B0A,
6AE9,
62C9,
62A8,
5A88,
5A88,
5A88,
5AA8,
5AA8,
5288,
5267,
5267,
5267,
5A88,
5AA8,
5AA8,
5AA8,
5A87,
5267,
5247,
5247,
5267,
5A87,
5A87,
5287,
5247,
4A26,
4A05,
41E5,
41C5,
41E5,
41E5,
4205,
4A05,
4A46,
5266,
5246,
4205,
39C4,
39A4,
39C4,
41E5,
4A05,
4A06,
5246,
5A88,
62C9,
62E9,
6B2A,
6B2A,
6B4A,
734B,
736B,
736B,
734B,
734B,
736B,
734B,
736B,
7B8C,
7B8C,
7B8C,
7BAC,
7BAC,
7BAC,
7BAC,
7B8C,
736B,
6B4B,
6B2A,
62E9,
5288,
4A06,
3984,
3184,
3163,
3143,
3163,
3163,
3184,
3184,
3984,
3164,
3164,
3164,
3144,
2923,
2903,
20E2,
2902,
2902,
2902,
2902,
2902,
20E2,
20E2,
20E2,
20C1,
20C1,
18A1,
1881,
1880,
1060,
1060,
1040,
1040,
1040,
1040,
1040,
1060,
1860,
1881,
20A1,
18A1,
20E2,
2903,
18A1,
0840,
1060,
18A1,
2122,
3163,
3163,
3984,
39A4,
39A4,
41C4,
41E4,
41E5,
41C4,
41E4,
41E4,
41E4,
41E5,
4A05,
4A26,
5246,
5A87,
6309,
7BAC,
946F,
AD11,
B593,
BDB4,
C615,
CE15,
CE15,
CE35,
CE15,
CE15,
CE15,
CE15,
CE15,
CE15,
CE15,
D636,
CE16,
CE16,
D636,
CDD5,
B553,
ACD1,
940E,
836C,
72E9,
72C9,
6247,
5A06,
51A5,
4965,
4924,
40E3,
38C3,
38A2,
3082,
3061,
3041,
3061,
3081,
3081,
3081,
30A2,
38E2,
4964,
51C6,
5A27,
6248,
6A69,
6A89,
6AC9,
72EA,
7B2B,
836C,
836C,
7B6C,
7B4B,
7B4B,
734B,
732A,
6AE9,
62C9,
6288,
5A67,
5247,
5247,
5247,
5247,
5247,
5247,
5267,
5267,
5288,
5A88,
5AA8,
5AC9,
5AC9,
5AC9,
5AA8,
5267,
5247,
4A46,
5246,
5247,
5267,
5267,
5247,
4A46,
4A06,
41E5,
41C5,
41C4,
41C4,
41C5,
41E5,
4205,
4A25,
4A46,
5246,
4A26,
4205,
41E4,
41E5,
4205,
4205,
4A26,
5287,
62C8,
62E9,
6B2A,
6B4A,
734A,
734B,
734B,
734B,
734B,
734B,
734B,
734B,
736B,
7B8C,
7BAC,
7BAC,
7BAC,
7BAC,
7BAC,
7B8C,
738C,
734B,
6B2A,
62E9,
5AA8,
5247,
4206,
3984,
3163,
2943,
2922,
2943,
3143,
3143,
3143,
3164,
3164,
3144,
3144,
3144,
2923,
2923,
2902,
2922,
2922,
2902,
2922,
2922,
2922,
2922,
2922,
3123,
2922,
2922,
2902,
2902,
20E1,
20C1,
20C1,
20A1,
18A1,
20A1,
20C1,
20C1,
20C2,
28C2,
28E2,
28E2,
2902,
20E2,
1040,
1040,
20E2,
2963,
3184,
39A4,
39A4,
39A4,
41C4,
41C5,
41E5,
41E5,
41E4,
41E4,
41E4,
41E4,
41E4,
41E4,
41E5,
4A05,
4A26,
5267,
5A87,
6309,
7BAC,
946F,
A4F1,
B553,
C5D5,
C5F5,
CE15,
CE15,
CE15,
C5F5,
C5F5,
CDF5,
CDF5,
CDF5,
CDF5,
CE15,
CE15,
CE15,
D636,
CDF5,
BD94,
B512,
A46F,
8BCD,
7B2A,
72EA,
6A88,
6247,
5A07,
59E6,
5186,
4944,
4124,
40E3,
38A2,
3882,
3062,
3061,
3882,
3882,
3081,
3081,
30A1,
30C2,
3903,
4964,
51A5,
59E6,
5A07,
5A27,
6268,
6AC9,
72EA,
72EA,
730A,
730A,
6AEA,
6AE9,
62C9,
62A8,
5A88,
5A67,
5247,
5226,
5226,
4A26,
4A26,
4A26,
4A06,
4A26,
5247,
5267,
5A88,
5AA8,
5AA8,
5AA8,
5AA8,
5A87,
5267,
5247,
4A26,
4A26,
4A06,
4A06,
4A06,
4A26,
4A26,
4A26,
4205,
41E5,
39C4,
39A4,
39A4,
41C4,
41C4,
41E5,
4A05,
4A46,
4A46,
4A25,
41E5,
41E4,
41E5,
41E5,
4A06,
5287,
62C9,
62E9,
6B2A,
734A,
734A,
734A,
734A,
734A,
734A,
734A,
734B,
734B,
736B,
7B8C,
7BAC,
7BAC,
7B8C,
7B8C,
738C,
736B,
734B,
6B2A,
62E9,
5A88,
4A47,
4206,
41C5,
3984,
3163,
3143,
2922,
2922,
2943,
2943,
2923,
2943,
2923,
2923,
2903,
2903,
2903,
2903,
2903,
3102,
2902,
3102,
3122,
3122,
3122,
3122,
3122,
3122,
3122,
3122,
3142,
3122,
3122,
3102,
2902,
2902,
2902,
2902,
2902,
2902,
2902,
3102,
3123,
3103,
3123,
20E2,
1040,
1080,
2943,
39A5,
39A4,
39C5,
39C4,
41C4,
41C5,
41E5,
41E5,
41E4,
41E4,
41E5,
41E4,
41E4,
41E4,
41E4,
41E5,
4A05,
4A26,
5246,
5246,
5287,
62E9,
738B,
840D,
9CB0,
BD93,
C5F5,
CE15,
CE15,
CE15,
C5F5,
C5F4,
C5D4,
C5D4,
C5D4,
C5D4,
CDF5,
CDF5,
CDF5,
D616,
CE16,
CDD5,
BD53,
ACD1,
9C4F,
838C,
7B4B,
72C9,
72A9,
6A68,
6A69,
6208,
59C6,
5186,
5145,
4104,
40C3,
40C3,
3882,
38A2,
38A2,
38A2,
38A2,
30A2,
30A1,
38C2,
38E3,
4124,
4964,
4985,
4985,
51C6,
5A07,
6247,
6268,
6268,
6268,
5A68,
5A67,
5A67,
5247,
5226,
5226,
4A06,
49E6,
49E6,
4A06,
4206,
41E5,
41C5,
41E5,
4A06,
4A47,
5267,
5267,
5267,
5267,
5267,
5267,
5247,
5246,
4A26,
4A05,
41E5,
41E5,
41E5,
4205,
4A06,
4A06,
4A06,
4205,
41E5,
39C4,
39A4,
39C4,
41C4,
41C4,
41E5,
4205,
4A05,
4A05,
4A05,
4205,
4A05,
4A05,
4A26,
5A88,
62C9,
630A,
6B2A,
6B2A,
6B2A,
6B2A,
6B2A,
6B2A,
6B2A,
6B4A,
6B4A,
734B,
736B,
7B8C,
7BAC,
7B8C,
738C,
736B,
6B4B,
6B2A,
6B0A,
62E9,
5AA8,
4A47,
4206,
41C5,
39A4,
3984,
3163,
3143,
2943,
2943,
2943,
2923,
2922,
2903,
2102,
20E2,
20E2,
20E2,
20E2,
20E2,
2102,
3122,
3122,
3122,
3122,
3122,
3122,
3122,
3122,
3122,
3122,
3122,
3122,
3142,
3142,
3122,
3122,
3122,
3122,
3122,
3122,
3102,
3102,
3102,
3123,
3143,
3122,
20C1,
1060,
1880,
3164,
39A5,
39A4,
39A4,
39C4,
41E5,
41E5,
41E5,
41E5,
41E5,
41E5,
41E5,
41E5,
41E5,
41E5,
41E5,
4205,
4A26,
4A46,
5267,
4A46,
4A46,
5267,
5AA8,
6B2A,
8C4E,
B573,
C5F5,
CE15,
CE35,
CE15,
C5F5,
C5D4,
C5D4,
C5B4,
C5D4,
C5B4,
C5D4,
C5F5,
C5F5,
CDF5,
CE15,
CDF5,
C594,
BD32,
ACD1,
9C2F,
93CD,
836B,
7B2B,
7AEA,
72CA,
7289,
6A28,
6207,
59A7,
5165,
5145,
5145,
4904,
4904,
4904,
40E3,
4103,
4103,
4103,
4103,
4103,
4124,
4944,
4144,
4164,
4984,
4985,
49A5,
49A5,
49C5,
49C5,
49C5,
49E5,
49E5,
49C5,
41C5,
41A5,
41A4,
3984,
3984,
39A4,
39A4,
3984,
3184,
3984,
39C5,
4205,
4A26,
4A26,
4A26,
4A26,
4A26,
4A46,
4A26,
4A06,
4A05,
41E5,
41E5,
41E5,
41C5,
41E5,
41E5,
4A06,
4A26,
4A26,
4A06,
41E5,
41E5,
39C4,
39C4,
41C4,
41C4,
41E4,
41E5,
4205,
4A05,
4A25,
4A26,
4A26,
5247,
5AA8,
62E9,
62E9,
6B0A,
6B2A,
6B2A,
6B2A,
6B2A,
6B2A,
6B2A,
6B4A,
6B4A,
736B,
736B,
7B8C,
7B8C,
736B,
734B,
6B0A,
62C9,
5AA8,
5AA8,
5287,
4A47,
4206,
39C5,
39A4,
39A4,
3184,
3163,
2943,
2943,
2943,
2943,
2922,
2122,
20E2,
20E2,
20E2,
20C2,
20C2,
20C2,
20E2,
20E2,
3122,
3122,
3122,
3122,
3122,
3122,
3122,
3122,
3942,
3942,
3142,
3942,
3942,
3942,
3942,
3942,
3942,
3142,
3122,
3122,
3122,
3122,
3122,
3123,
3963,
3122,
20C1,
1060,
18A1,
2943,
31A4,
39A5,
39A4,
39C4,
41E5,
41E5,
4205,
4205,
4205,
41E5,
4205,
41E5,
41E5,
41E5,
41E5,
41E5,
4A05,
4A26,
4A26,
4A05,
4205,
4A05,
4A26,
5AA8,
8C0D,
BDB3,
C5F5,
CE15,
CE36,
CE15,
C5F5,
C5D4,
C5D4,
C5B4,
C5D4,
C5B4,
C5B4,
C5D4,
C5B4,
C5B4,
C5D5,
CDD5,
C5B4,
BD73,
B532,
A490,
A44F,
93CD,
8B8C,
832B,
830B,
7ACB,
7AAA,
728A,
7249,
6A08,
6A08,
6A08,
61C7,
61C7,
5986,
5986,
59A6,
59A6,
59A6,
59A6,
5185,
4985,
4965,
4944,
4944,
4144,
4143,
3923,
3923,
3923,
3123,
3123,
3963,
3963,
3963,
3143,
3143,
3123,
3123,
2922,
2943,
2943,
2943,
2922,
3143,
3163,
39A4,
41C5,
41E5,
41E5,
4205,
4205,
4A06,
4205,
41C5,
41C5,
41C5,
41C5,
41C4,
39A4,
41C4,
41C5,
41E5,
4A06,
4A26,
4A26,
4A05,
41E5,
41E5,
41C4,
39C4,
41C4,
41E5,
4205,
4205,
41E5,
4A05,
4A25,
4A26,
5267,
5AC8,
62E9,
6B0A,
6B2A,
6B2A,
6B2A,
6B2A,
6B2A,
6B4A,
734B,
734B,
734B,
734B,
736B,
736B,
734B,
6B2A,
62E9,
5AA8,
5267,
4A26,
4206,
41E5,
39C5,
39A4,
3184,
3163,
3163,
3163,
2943,
2923,
2922,
2923,
2923,
2922,
2102,
2102,
2102,
20E2,
20E2,
20E2,
20C2,
20C2,
20E2,
3122,
3122,
3122,
3122,
3122,
3122,
3122,
3122,
3122,
3122,
3922,
3942,
3942,
3942,
3942,
3942,
3942,
3942,
3942,
3122,
3122,
3122,
3102,
3102,
3143,
3143,
20E2,
1060,
18A1,
2943,
39A5,
39A4,
39A4,
39C4,
41E5,
4205,
4205,
41E5,
41E5,
4205,
41E5,
4205,
4205,
41E5,
41E5,
4205,
4A05,
4205,
4205,
39A4,
3163,
41E5,
4A05,
62E9,
A4D0,
BDD4,
CE15,
CE35,
CE36,
CE35,
CE15,
C5F5,
C5D4,
C5D4,
C5D4,
C5B4,
C5B4,
C5B4,
C5B4,
C5B4,
C5B4,
C5B4,
C5B4,
C594,
BD53,
ACD1,
A490,
9C4F,
93CD,
834C,
832B,
82EB,
7AEB,
82EB,
82EB,
7AAA,
7A8A,
7A8A,
7269,
7249,
7249,
7249,
7269,
7269,
7248,
6A48,
6A48,
6227,
59E7,
59C6,
51A5,
4985,
4143,
3903,
30E2,
30E2,
28E2,
28E2,
3122,
3943,
3143,
2902,
3122,
2902,
28E2,
2902,
2902,
2902,
2922,
2922,
2942,
3163,
3163,
3984,
39A4,
39C4,
41E5,
41E5,
41C4,
41C4,
41C4,
41C4,
41C4,
41C4,
41C4,
41C4,
39A4,
39A4,
39C4,
41C5,
41E5,
41E5,
4205,
4A05,
41E5,
41E5,
41E4,
41E4,
41E4,
41E4,
41E5,
41E5,
4205,
4A26,
4A26,
5267,
62C8,
6B0A,
6B2A,
734B,
6B4A,
734B,
736B,
736B,
736B,
7B8B,
7B8B,
7B8B,
736B,
736B,
734B,
6B2A,
62E9,
5AA8,
5247,
4206,
3984,
3184,
3163,
2963,
2963,
2943,
2923,
2122,
2122,
2102,
2102,
2102,
2102,
2102,
2102,
2102,
20E2,
20E2,
20E2,
20E2,
18C2,
18C1,
18C2,
18C2,
3122,
3122,
3122,
3122,
3122,
3122,
3122,
3122,
3122,
3122,
3122,
3922,
3922,
3922,
3922,
3922,
3122,
3121,
3922,
3922,
3922,
3922,
3922,
3922,
3943,
3143,
28E1,
1880,
18A1,
2923,
39A5,
39C5,
39A4,
39C4,
39C4,
41E5,
41E5,
41E5,
41C5,
41E5,
41E5,
41E5,
41C5,
41E5,
4205,
4205,
41C4,
3983,
2942,
2942,
3142,
39C4,
41E5,
62E9,
A4F1,
C5F4,
CE36,
CE36,
CE36,
CE36,
CE15,
CE15,
CDF5,
CDF5,
C5D4,
C5B4,
C5B4,
C5B4,
C5B4,
C5B4,
C5B4,
C5B4,
C5B4,
C594,
BD53,
B4F2,
ACB1,
A470,
93EE,
8B8D,
8B4C,
830C,
830B,
830C,
830C,
82EB,
82EB,
82EB,
82EB,
82CB,
82CB,
82CB,
82EB,
82EB,
82EA,
82EA,
7ACA,
72AA,
7289,
6A48,
5A07,
51A5,
4144,
3902,
30E2,
28E2,
28C1,
28C1,
3122,
3963,
3143,
3122,
2902,
28E2,
20E1,
20E1,
20E1,
2102,
2102,
2922,
2942,
3143,
3163,
3183,
39A4,
39C4,
39C4,
39C4,
41C4,
41C4,
41C4,
41C4,
41C4,
41C4,
41C4,
39C4,
39C4,
39C4,
41C4,
41C5,
41E5,
41E5,
41E5,
41E5,
4205,
4205,
4205,
4205,
41E5,
41E5,
41E5,
41E5,
41E5,
4A25,
5246,
5287,
62E9,
6B2A,
734B,
736B,
736B,
7B8B,
7B8C,
7B8C,
7B8C,
7B8C,
738B,
736B,
734B,
6B4B,
6B0A,
62C9,
5AA8,
5267,
4A06,
41C5,
3184,
3163,
2943,
2922,
2922,
2922,
2102,
2102,
20E2,
20E1,
18E1,
18E1,
18C1,
20E2,
20E2,
20E2,
18C2,
18C2,
18C2,
18C1,
18C1,
18A1,
18A1,
18A1,
3102,
3102,
3102,
3102,
3122,
3122,
3122,
3122,
3122,
3122,
3922,
3922,
3922,
3922,
3922,
3122,
3121,
3121,
3922,
3922,
3942,
3942,
3942,
3943,
3943,
3143,
2902,
18A0,
1880,
2102,
3184,
39C5,
39A4,
39A4,
39A4,
41C5,
41C5,
41C5,
41C5,
41E5,
41E5,
41C5,
39C5,
41E5,
41E5,
39A4,
2942,
20E1,
18C0,
2922,
2942,
39C4,
4A46,
738B,
B573,
CE36,
CE36,
D656,
D656,
CE36,
CE36,
CE35,
CE15,
CE15,
CDD5,
C5D4,
C5B4,
C5B4,
BDB4,
BDB4,
C5B4,
C5B4,
C5B4,
C594,
BD53,
B512,
ACF1,
ACB1,
9C4F,
93CD,
8B6C,
832C,
832B,
832C,
832C,
832C,
830C,
8B2C,
8B2C,
832C,
8B0C,
8B2C,
8B2C,
8B2C,
8B2B,
8B2B,
832C,
832B,
7B0B,
72AA,
6248,
51A5,
4123,
3102,
30C2,
28C1,
28A1,
28C1,
2902,
3943,
3943,
3122,
28E2,
28E2,
20C1,
20C1,
20E1,
20E1,
2102,
2902,
2942,
2943,
3163,
3183,
39A4,
39A4,
39A4,
39C4,
41C4,
41C4,
41C4,
41C4,
41C4,
41C4,
41C4,
41C4,
41C4,
41C4,
41C4,
41C4,
41C5,
41E5,
41E5,
41E5,
4205,
4A05,
4A25,
4A05,
4205,
41E5,
41E5,
41E5,
41E5,
4A26,
5247,
5A88,
6B09,
734B,
736B,
738C,
7BAC,
7BAC,
7BAC,
7BAC,
7BAC,
7BAC,
738B,
736B,
734B,
6B2A,
62E9,
5AA8,
5267,
4A47,
41E5,
39A4,
3184,
3163,
2922,
2102,
2102,
2102,
2102,
20E2,
18E1,
18C1,
18C1,
18A1,
18A1,
18A1,
18A1,
18A1,
18A1,
18A1,
18A1,
18A1,
18A1,
18A1,
18A1,
18A1,
3102,
3102,
3102,
3122,
3122,
3122,
3922,
3922,
3922,
3922,
3922,
3922,
3922,
3122,
3122,
3122,
3121,
3922,
3922,
3922,
3922,
3942,
3942,
3943,
3943,
3943,
3122,
18C1,
1880,
18C1,
2943,
39A5,
39A4,
39A4,
39C5,
41C5,
41C5,
41C5,
41C5,
41C5,
41C5,
3984,
3984,
39A4,
3184,
2922,
20C1,
18A0,
20E1,
2922,
3142,
41C4,
5AC8,
946F,
C5F5,
D656,
D656,
D656,
D656,
D656,
D656,
CE36,
D636,
D636,
CDF5,
C5D4,
C5B4,
C5B4,
BDB4,
BDB4,
C5B4,
C5B4,
C5B4,
C594,
BD73,
B532,
B512,
ACD1,
A470,
93EE,
8B8D,
8B4C,
832C,
832C,
832C,
832C,
832C,
832C,
8B4C,
8B4C,
8B4C,
8B4C,
8B4C,
8B4C,
8B4C,
8B4C,
832C,
832C,
832C,
7ACA,
6248,
4985,
3923,
30E2,
28C1,
28C1,
20A1,
28C1,
2902,
3122,
3122,
2902,
28E2,
20C1,
20C1,
20C1,
20E1,
2902,
2922,
2922,
2942,
2963,
3163,
3183,
39A4,
39A4,
39A4,
39C4,
41C4,
41C4,
41C4,
41C4,
41C5,
41C5,
41C5,
41C5,
41C4,
41C4,
41C4,
41C4,
41C5,
41E5,
41E5,
4205,
4205,
4A05,
4A25,
4A25,
4A05,
4205,
4205,
4205,
4A05,
4A46,
5267,
5AA8,
6B09,
734B,
736B,
736B,
7BAC,
7BAC,
7BCC,
7BCC,
7BCC,
7BAC,
7B8B,
736B,
6B2A,
6B0A,
5AC9,
5288,
5247,
4A26,
41E5,
39C5,
3984,
3183,
2943,
2122,
2102,
2102,
2102,
20E2,
20E1,
18E1,
18C1,
18C1,
18C1,
18A1,
18A1,
18A1,
10A1,
10A1,
1081,
1080,
1081,
18A1,
18A1,
18A1,
3122,
3122,
3122,
3122,
3122,
3122,
3922,
3922,
3922,
3922,
3122,
3122,
3122,
3122,
3122,
3122,
3922,
3922,
3922,
3942,
3922,
3922,
3943,
3943,
3943,
3943,
3123,
20E1,
1880,
18A0,
2102,
3184,
39A5,
39A5,
41C5,
41C5,
41C5,
41C5,
39A5,
39A5,
3164,
2922,
20E2,
2902,
2902,
20E1,
20C1,
20E1,
2101,
2942,
3163,
4205,
6B4A,
A4F1,
CE16,
CE56,
D656,
D656,
D656,
D656,
D656,
D656,
D656,
D656,
D616,
CDF5,
C5D5,
C5D4,
C5B4,
BDB4,
C5B4,
C5B4,
C5B4,
C594,
BD73,
BD33,
B512,
B4F2,
AC90,
9C2F,
93EE,
93AD,
8B4C,
832B,
832B,
832B,
832C,
832C,
832C,
8B4C,
8B4C,
8B4C,
8B4C,
8B4B,
8B4C,
8B4C,
8B4C,
834C,
832B,
72AA,
5A07,
4164,
3902,
30E2,
28C2,
28C1,
28A1,
28C1,
28E1,
2902,
2902,
28E1,
20C1,
20C1,
20C1,
20C1,
20E1,
2902,
2922,
2943,
2963,
3163,
3183,
3184,
39A4,
39A4,
39C4,
39C4,
41C4,
41C4,
41C4,
41C4,
41C4,
41C5,
41E5,
41E5,
41E5,
41C5,
41C5,
41C5,
41E5,
41E5,
4205,
4A05,
4A05,
4A05,
4A25,
4A25,
4A05,
4A05,
4A05,
4A25,
4A25,
5246,
5267,
5AA8,
6B09,
734B,
736B,
736B,
7BAC,
7BAC,
83CC,
7BCC,
7BAC,
7B8C,
734B,
6B2A,
62E9,
62C9,
5A88,
5247,
4A26,
4A06,
41E5,
41C5,
39A4,
3184,
3163,
2943,
2922,
2102,
2102,
20E2,
20E2,
20E2,
20E2,
18C1,
18C1,
18C1,
18A1,
18A1,
18C1,
18A1,
1080,
1080,
1060,
1060,
1060,
1060,
3122,
3122,
3122,
3122,
3122,
3922,
3922,
3922,
3922,
3922,
3922,
3122,
3122,
3922,
3922,
3922,
3942,
3942,
3942,
3942,
3943,
3943,
3943,
3943,
3943,
3943,
3143,
2902,
18A0,
1080,
2102,
3184,
39A4,
39A5,
41C5,
41C6,
41E6,
41C6,
39A5,
3985,
2903,
18A1,
1060,
1880,
18A1,
20E1,
20E1,
2902,
2922,
3183,
41C4,
5267,
7BCC,
B573,
CE36,
D656,
D656,
D656,
D656,
D676,
D677,
D676,
D656,
D656,
D656,
D616,
CDF5,
C5F5,
C5D4,
C5B4,
C5B4,
C5B4,
C5B4,
C594,
BD73,
BD53,
BD32,
B512,
ACD1,
A490,
A450,
9BEE,
8B8D,
834C,
830B,
830B,
832B,
832B,
830B,
830B,
832B,
832B,
832B,
832B,
8B2B,
832B,
834C,
7B0B,
72CA,
6248,
51A5,
3903,
30C1,
28C1,
28C2,
28C1,
28C1,
28C1,
28E1,
28E1,
28E1,
20C1,
20C1,
20C1,
20C1,
20E2,
2902,
2922,
3143,
3143,
3163,
3183,
31A4,
39A4,
39A4,
39C4,
39C4,
39C4,
41C4,
41C4,
41C4,
41C4,
41C4,
41C5,
41E5,
41E5,
41E5,
41E5,
41E5,
41E5,
41E5,
41E5,
4205,
4205,
4A05,
4A05,
4A05,
4A05,
4A25,
4A26,
4A26,
4A26,
4A46,
5267,
5A87,
5AA8,
6B0A,
734B,
736B,
738C,
7BAC,
7BCC,
83CC,
7BAC,
736B,
6B4A,
6309,
62C9,
5AA8,
5288,
5247,
4A47,
4A26,
4206,
41E5,
41C5,
39A4,
31A4,
3183,
2963,
2942,
2122,
2102,
20E2,
20E2,
20E2,
18C1,
18C1,
18C1,
18A1,
18A1,
18A1,
18A1,
1080,
1060,
1060,
1060,
1060,
1060,
1060,
3122,
3122,
3122,
3122,
3122,
3122,
3922,
3922,
3922,
3122,
3122,
3122,
3122,
3922,
3922,
3942,
3942,
3942,
3943,
3943,
3943,
3943,
3943,
3943,
3943,
3143,
3143,
2922,
18A0,
1060,
20E1,
3184,
39A5,
39A5,
41C5,
41C6,
41C6,
39A5,
3964,
3143,
20C1,
1880,
1040,
1060,
18A1,
20E2,
2922,
2922,
3163,
39A4,
4A26,
62E9,
946F,
BDD4,
D656,
D677,
D656,
D656,
D676,
D677,
D677,
D677,
D677,
D656,
D656,
D636,
CE16,
CDF5,
C5F5,
C5D4,
C5B4,
C5B4,
C5B4,
C594,
BD74,
BD53,
BD33,
B512,
B4F2,
ACD1,
AC90,
A42F,
93CE,
8B6C,
834B,
7B2B,
7B0B,
7AEB,
7B0B,
7B0B,
7B0B,
7B0B,
7B0A,
830B,
830B,
830B,
7ACA,
6A89,
6228,
51C6,
4143,
30C2,
28A1,
28C1,
28C2,
28C1,
28C1,
28C1,
28E1,
28E1,
28E1,
28C1,
28E2,
28E2,
2902,
2902,
3143,
3164,
3184,
3184,
3184,
39A4,
39C4,
39C4,
39C4,
39C4,
39C4,
39C4,
41C4,
41C4,
41C4,
41C4,
41C5,
41E5,
41E5,
41E5,
4A05,
4A05,
4205,
41E5,
41E5,
41E5,
4205,
4205,
4A05,
4A05,
4A05,
4A25,
4A26,
4A46,
4A46,
4A46,
5246,
5287,
5A88,
62C8,
6B2A,
734B,
736B,
736B,
7B8B,
7BAC,
7BAC,
736B,
6B2A,
62C9,
5A88,
5267,
5247,
4A47,
4A26,
4A26,
4A06,
41E5,
41C5,
39C5,
39A4,
3184,
3183,
2963,
2943,
2922,
2102,
2102,
20E2,
20E2,
18C1,
18C1,
18C1,
18A1,
18A1,
1081,
1080,
1080,
1060,
1060,
1080,
1081,
1081,
1081,
3122,
3122,
3122,
3122,
3122,
3122,
3122,
3922,
3122,
3122,
3122,
3122,
3122,
3922,
3942,
3942,
3943,
3943,
3943,
3943,
3942,
3943,
3943,
3943,
3943,
3943,
3143,
2902,
1880,
1040,
18C1,
3164,
39A5,
41C5,
41C6,
41C5,
3985,
3144,
2902,
18A1,
1060,
1060,
1880,
18A1,
20C1,
2902,
3143,
3163,
3984,
39A4,
4A26,
6B09,
9CB0,
C615,
D656,
D656,
D656,
D676,
D677,
D677,
DE97,
DE77,
D677,
D656,
D656,
D636,
CE16,
CE15,
CDF5,
C5D5,
C5D4,
C5D4,
C5B4,
C5B4,
C594,
BD53,
BD33,
B532,
B512,
B4F1,
ACB1,
A470,
9C2F,
93CD,
8B8C,
834B,
7B0A,
72CA,
72CA,
72CA,
72C9,
72A9,
72A9,
72C9,
72A9,
6AA9,
6A68,
5A27,
51C6,
4164,
3923,
30C2,
28C1,
30E2,
28E2,
28C1,
28C1,
28C1,
28C1,
28E1,
28E1,
28E2,
2902,
2923,
3123,
3143,
3163,
39A4,
39A4,
39A4,
39C4,
39C4,
39E5,
39E5,
39E4,
39C4,
39C4,
41C4,
41E4,
41E4,
41E4,
41E4,
41E5,
41E5,
4205,
4A05,
4A05,
4A05,
4A05,
4205,
4205,
4A05,
4A05,
4A05,
4A05,
4A05,
4A05,
4A25,
4A46,
5246,
5246,
4A46,
5246,
5287,
5AA8,
62C8,
6B2A,
734A,
734B,
734B,
734A,
736B,
736B,
6B4A,
62E9,
5A88,
5247,
4A26,
4A26,
4A06,
4206,
4A06,
4A06,
41E5,
39C5,
39A4,
3984,
3184,
3163,
2963,
2943,
2922,
2102,
2102,
20E2,
20E2,
18C1,
18C1,
18C1,
18C1,
18A1,
10A1,
1080,
1080,
1080,
1080,
1081,
10A1,
1081,
1081,
3122,
3102,
3102,
3102,
3122,
3122,
3122,
3122,
3122,
3122,
3142,
3142,
3942,
3942,
3942,
3942,
3942,
3942,
3942,
3942,
3942,
3942,
3942,
3943,
3943,
3143,
3143,
3123,
18A1,
1040,
18A1,
3163,
39A5,
39A5,
39A5,
3144,
2102,
18A1,
1080,
1080,
1080,
1880,
18A1,
18A1,
20C1,
2902,
3143,
3163,
3984,
39C4,
4A26,
736B,
AD32,
CE36,
D656,
D656,
D656,
D676,
D676,
DE77,
DE77,
DE77,
DE77,
DE57,
DE57,
D636,
D616,
CE16,
CDF5,
CDF5,
CDD5,
CDD5,
CDD5,
C5B4,
C594,
BD73,
BD73,
BD53,
B532,
B4F2,
ACD1,
ACB0,
A46F,
9C0E,
8BCD,
8B8C,
836B,
7B2B,
72C9,
6AC9,
6AA9,
6A88,
6288,
6268,
6247,
5A47,
5206,
51C6,
49A5,
4164,
3923,
3102,
30E2,
30E2,
3102,
28E2,
28E2,
28E2,
2902,
3102,
3123,
3123,
3143,
3163,
3184,
39A4,
39C4,
41C4,
41C5,
41C4,
41C5,
41E4,
41E5,
41E5,
41E5,
41E5,
41E5,
41E4,
41E4,
41E4,
41E4,
41E4,
4205,
4A05,
4A25,
4A25,
4A25,
4A25,
4A05,
4A05,
4A25,
4A25,
4A25,
4A05,
4A06,
4A05,
4A05,
4A26,
4A26,
5246,
5246,
4A46,
5247,
5267,
5AA8,
62E9,
6B2A,
734B,
6B4A,
6B0A,
6B0A,
6B0A,
62E9,
62C9,
5AA8,
5267,
4A46,
4A26,
4A06,
4A06,
4A05,
41E5,
41E5,
41E5,
39C4,
3984,
3184,
3163,
3163,
3143,
2943,
2922,
2122,
2102,
20E2,
20E2,
20E1,
18E1,
18E1,
18E1,
18C1,
18A1,
18A1,
18A1,
18A1,
18A1,
18C1,
18C1,
18C1,
18A1,
3122,
3122,
3122,
3122,
3122,
3122,
3122,
3122,
3122,
3122,
3122,
3122,
3122,
3122,
3122,
3122,
3922,
3922,
3942,
3942,
3942,
3942,
3942,
3943,
3143,
3143,
3143,
3143,
20C1,
1060,
18A0,
2923,
3164,
3143,
2903,
20C1,
1880,
1060,
1060,
1060,
1880,
1880,
18A0,
18A1,
20C1,
2902,
3143,
3164,
39A4,
39C5,
5267,
83ED,
B573,
CE56,
D677,
D676,
D656,
D656,
D676,
DE76,
DE77,
DE77,
DE77,
DE57,
DE57,
D636,
D636,
D616,
D616,
CDF5,
CDF5,
CDD5,
CDD5,
CDD5,
C5B4,
C594,
BD73,
BD73,
BD32,
B512,
B512,
B4F1,
ACB1,
9C6F,
942E,
93ED,
8BAD,
838C,
730A,
730A,
6AC9,
6AA9,
6288,
6268,
5A47,
5A27,
5207,
51E6,
49C5,
49A5,
4184,
3964,
3943,
3943,
3943,
3943,
3143,
3964,
3964,
3984,
3984,
3984,
3984,
39A4,
39A4,
41C4,
41E5,
41E5,
41E5,
41E5,
41E5,
41E5,
41E5,
41E5,
41E5,
41E5,
41E5,
41E5,
4204,
4204,
4204,
4204,
4A05,
4A25,
4A25,
4A26,
4A25,
4A25,
4A25,
4A05,
4A25,
4A25,
4A25,
4A05,
4A05,
4A05,
4A05,
4A06,
4A26,
5246,
5246,
4A46,
5247,
5267,
5A88,
62C8,
6309,
6B0A,
6B09,
62E9,
5AC9,
5AA8,
5AA8,
5A88,
5267,
5246,
4A26,
4A06,
4A06,
4A05,
41E5,
41E5,
41E5,
41C5,
39A4,
3984,
3184,
3163,
3163,
3143,
2943,
2942,
2922,
2102,
2102,
2102,
2102,
20E2,
1902,
18E1,
18E1,
18C1,
18C1,
18C1,
18C1,
18C1,
18C1,
18C1,
18C1,
18C1,
3102,
3102,
3102,
3122,
3122,
3143,
3143,
3143,
3122,
3122,
3142,
3142,
3142,
3142,
3142,
3922,
3922,
3922,
3922,
3922,
3942,
3942,
3942,
3943,
3143,
3143,
3143,
3163,
28E2,
1880,
1880,
20C1,
2902,
20E2,
1880,
1060,
1040,
1060,
1080,
1880,
18A1,
18A1,
18A1,
18A1,
20C1,
2102,
2943,
3163,
3184,
39C4,
5AC8,
946F,
BDD4,
CE56,
D676,
D656,
D656,
D656,
D656,
DE77,
DE77,
DE77,
DE77,
DE57,
DE57,
DE57,
D636,
D636,
D636,
D616,
D616,
CDF5,
CDF5,
CDD5,
C5B4,
C594,
C594,
BD73,
BD53,
B532,
B512,
B512,
B4F1,
ACB0,
A470,
9C2F,
93EE,
8BCD,
838C,
836C,
7B4B,
730A,
6ACA,
6AA9,
6289,
6288,
6268,
6268,
5A47,
5A47,
5A27,
5206,
49E6,
49E6,
49C6,
49C6,
49E6,
5206,
5227,
5227,
5227,
4A06,
4A06,
4A06,
4A06,
4A26,
4A26,
4A26,
4A25,
4A25,
4205,
4205,
4205,
4205,
4205,
4205,
4205,
4205,
4A25,
4A25,
4A25,
4A25,
4A25,
4A25,
4A26,
4A26,
4A26,
4A25,
4A25,
4A25,
4A25,
4A25,
4A05,
4A05,
4A05,
4205,
4A05,
4A05,
4A26,
4A26,
4A26,
4A26,
5246,
5247,
5267,
5A88,
5AA8,
62C8,
5AA8,
5A88,
5267,
5247,
5247,
5246,
4A26,
4A26,
4A06,
4A06,
4A06,
4A05,
41E5,
41E5,
41E5,
41C5,
39A4,
3984,
3184,
3163,
3163,
3143,
3143,
2943,
2942,
2922,
2122,
2102,
2102,
2102,
2102,
20E2,
20E1,
18E1,
18C1,
18C1,
18C1,
18C1,
18C1,
18C1,
18C1,
18C1,
28E2,
28E2,
28E2,
2902,
3102,
3122,
3122,
3122,
3122,
3122,
3122,
3122,
3122,
3122,
3142,
3142,
3942,
3922,
3922,
3922,
3942,
3942,
3943,
3143,
3143,
3143,
3143,
3143,
2902,
1880,
1060,
1880,
18A1,
1080,
1060,
1060,
1080,
18A1,
18C1,
18C1,
18C1,
18A1,
18A1,
18A1,
20C1,
2102,
2923,
3163,
3184,
39C5,
632A,
A4F1,
C5F5,
CE36,
CE56,
CE56,
D656,
D656,
D656,
D677,
DE77,
DE77,
DE77,
DE77,
DE57,
DE57,
DE57,
DE57,
D636,
D636,
D616,
D616,
CDF5,
CDF5,
CDD5,
C594,
C594,
C573,
BD53,
BD32,
B532,
B532,
B512,
ACF1,
ACB1,
A470,
9C2F,
93EE,
93ED,
8BCD,
83AC,
836C,
7B4B,
7B2B,
730A,
730A,
72EA,
72EA,
6AEA,
6AC9,
6AC9,
6AA9,
6288,
6288,
6268,
5A68,
5A88,
62A9,
6AC9,
6AC9,
62A9,
5A88,
5267,
5267,
5267,
5267,
5266,
5246,
4A46,
4A25,
4A25,
4A05,
4A25,
4205,
4A25,
4A25,
4A25,
4A25,
4A25,
4A25,
4A25,
4A25,
4A25,
4A25,
4A26,
4A26,
4A26,
4A25,
4A25,
4A05,
4A05,
4A05,
4A05,
4205,
4205,
4205,
4205,
4A05,
4A06,
4A26,
4A26,
4A26,
4A26,
4A26,
4A46,
5247,
5267,
5267,
5267,
5246,
4A26,
4A26,
4A26,
4A26,
4A26,
4A26,
4A26,
4A26,
4A06,
4A06,
4205,
41E5,
41E5,
41E5,
39A4,
3984,
3184,
3163,
3163,
3163,
3163,
3143,
3143,
2943,
2922,
2922,
2102,
2102,
2102,
2102,
20E1,
18E1,
20E2,
18C1,
18C1,
18C1,
18C1,
18C1,
18C1,
18C1,
20A1,
20A1,
20C1,
20C1,
28E2,
28E2,
2902,
2902,
3102,
3102,
3122,
3122,
3122,
3122,
3122,
3122,
3122,
3122,
3122,
3122,
3142,
3942,
3943,
3143,
3963,
3123,
2923,
2902,
20C2,
1880,
1040,
1040,
1060,
1060,
1060,
1880,
18A0,
18C1,
20C1,
20E1,
20C1,
18C1,
18C1,
20C1,
20E2,
2902,
3143,
3184,
39C4,
4A26,
738C,
AD52,
C615,
CE36,
CE56,
D656,
D656,
D656,
D656,
D677,
DE77,
DE77,
DE77,
DE77,
DE77,
DE57,
D657,
D657,
DE57,
D636,
D636,
D616,
D616,
CDF5,
CDD5,
C5B4,
C594,
C594,
BD73,
BD32,
BD32,
BD33,
BD32,
B512,
ACF1,
ACB0,
A46F,
9C2F,
940E,
93EE,
8BCD,
838C,
836C,
7B6B,
7B4B,
7B4B,
7B4B,
7B4B,
7B2B,
732B,
730A,
730A,
72EA,
6AEA,
6ACA,
6ACA,
6AEA,
6B0A,
732B,
732B,
6B0A,
6AE9,
62C9,
62A8,
5AA8,
5A88,
5A87,
5267,
5246,
4A46,
4A25,
4A25,
4A25,
4A25,
4A25,
4A25,
4A25,
4A25,
4A45,
4A45,
4A45,
4A45,
4A46,
4A25,
4A26,
4A26,
4A25,
4A25,
4A05,
4A05,
4A05,
4A05,
4205,
4205,
4205,
4205,
41E5,
4205,
4A05,
4A05,
4A05,
4A05,
4A06,
4A26,
4A26,
4A26,
4A26,
4A26,
4A26,
4A06,
4A26,
4A26,
4A26,
4A26,
4A26,
4A26,
4A26,
4A26,
4A26,
4A06,
4A05,
41E5,
41E5,
41E5,
39C4,
39A4,
3184,
3163,
3163,
3143,
3163,
3163,
3163,
3143,
2943,
2923,
2922,
2102,
2102,
2102,
20E2,
20E1,
20E2,
20E2,
18C1,
18C1,
18C1,
18C1,
18C1,
18C1,
1881,
1880,
1881,
18A1,
18A1,
20A1,
20C1,
28E1,
2902,
3102,
3122,
3122,
3122,
3142,
3122,
3122,
3122,
3122,
3122,
3142,
3942,
3143,
3143,
3143,
3123,
2902,
20C1,
20A1,
1881,
1060,
1040,
1040,
1060,
1080,
18A0,
18A0,
18A1,
18C1,
20E1,
20E2,
20E2,
20C1,
20E2,
20E2,
2102,
2923,
3164,
39A4,
4206,
5AC9,
842E,
B573,
C615,
CE36,
CE36,
D656,
D656,
D656,
D656,
D656,
DE77,
DE77,
DE77,
DE77,
DE77,
DE77,
DE57,
D657,
DE57,
DE57,
D636,
D636,
D616,
D616,
CDF5,
CDD5,
C5B4,
C594,
BD73,
BD53,
BD33,
BD53,
BD33,
B512,
B4F1,
ACD1,
A490,
9C4F,
9C2E,
940E,
8BED,
8BAD,
838C,
838C,
836C,
7B6B,
836C,
7B6C,
7B4B,
7B4B,
7B4B,
7B4B,
7B4B,
732B,
730A,
730A,
6B0A,
732B,
732B,
734B,
732B,
6B0A,
6AE9,
62E9,
62C9,
62C8,
5AA8,
5A87,
5266,
5246,
4A45,
4A25,
4A25,
4A25,
4A25,
4A45,
4A45,
4A45,
4A45,
4A45,
4A45,
4A45,
4A46,
4A25,
4A25,
4A25,
4A25,
4A05,
4205,
4205,
4205,
4205,
41E5,
41E5,
41E5,
4205,
41E5,
41E5,
4205,
4205,
4A05,
4A05,
4A05,
4A05,
4A06,
4A05,
4A06,
4A26,
4A06,
4A06,
4A26,
4A26,
4A06,
4A06,
4A06,
4A06,
4A06,
4A06,
4A26,
4A06,
4205,
41E5,
41E5,
41E5,
41C5,
39A4,
3984,
3184,
3163,
3143,
3143,
3143,
3143,
3143,
2943,
2943,
2923,
2922,
2122,
2102,
2102,
20E2,
20E2,
20E2,
18C1,
18C1,
18C1,
18C1,
18C1,
18C1,
1060,
1060,
1060,
1060,
1060,
1880,
18A1,
20A1,
20E1,
28E1,
2902,
3122,
3143,
3143,
3143,
3142,
3142,
3122,
3122,
3122,
3122,
3142,
3122,
2902,
20C1,
20A1,
1881,
1880,
1060,
1040,
1060,
1060,
18A1,
18A0,
18A1,
18A1,
18C1,
20C1,
20E1,
2102,
20E1,
20E1,
20E2,
2102,
2902,
2902,
3143,
39A4,
4A47,
6B4B,
9CB0,
BD94,
C615,
CE16,
CE16,
CE56,
D656,
D656,
D656,
D656,
DE77,
DE77,
DE77,
DE77,
DE77,
DE77,
DE77,
DE77,
DE77,
DE57,
DE56,
DE56,
D636,
D636,
D615,
CDF5,
CDD5,
C5D4,
C594,
BD73,
BD52,
BD52,
BD32,
B512,
B4F1,
ACD1,
A4B0,
A46F,
9C4F,
942E,
940E,
8BED,
8BCD,
8BAD,
83AC,
83AC,
83AD,
838C,
838C,
836C,
838C,
838C,
836C,
7B6C,
732B,
732B,
732B,
732B,
734B,
734B,
732B,
732B,
6AEA,
6AEA,
62E9,
62C9,
5AA8,
5A87,
5266,
5246,
5246,
4A45,
4A25,
4A25,
4A45,
4A45,
4A45,
4A45,
5265,
5265,
5246,
5246,
4A46,
4A25,
4A25,
4A05,
4A05,
4205,
41E5,
41E5,
41E5,
41E5,
41E5,
41E5,
41E5,
41E5,
4205,
4205,
4205,
4A05,
4A05,
4A05,
4A05,
4A06,
4A06,
4A05,
4A06,
4A26,
4A26,
4A06,
4A26,
4A26,
4A26,
4A26,
4A26,
4A06,
4A06,
4A06,
4A06,
4A06,
4206,
41E5,
41E5,
41E5,
41E5,
41C5,
39A4,
3983,
3163,
2943,
2922,
2922,
2943,
2943,
2922,
2922,
2922,
2922,
2122,
2102,
2102,
20E2,
20E2,
20E2,
18C1,
18C1,
18C1,
18C1,
18C1,
18C1,
1060,
1060,
1060,
1040,
1040,
1060,
1860,
1881,
18A1,
20C1,
20E1,
2902,
3122,
3142,
3142,
3142,
3122,
3122,
3102,
2922,
2902,
28E1,
20C1,
20C1,
1880,
1880,
1060,
1040,
1040,
1040,
1060,
1880,
18A1,
18A0,
18A1,
18A1,
18C1,
20C1,
20E2,
2102,
20E2,
20E2,
2102,
2902,
2102,
20E2,
2923,
3184,
5288,
7BCD,
A4F1,
BDB4,
CE16,
CE36,
CE16,
CE56,
D656,
D656,
D656,
D656,
DE57,
DE77,
DE77,
DE77,
DE77,
DE77,
DE77,
DE77,
DE77,
DE77,
DE77,
DE77,
D656,
D636,
D636,
D615,
CDF5,
CDF5,
C5B4,
C593,
BD53,
BD53,
BD52,
B512,
B4F1,
ACF1,
ACB0,
A490,
9C4F,
9C4F,
942E,
940E,
93EE,
93EE,
8BED,
8BED,
8BCD,
8BAD,
83AD,
83AD,
83AD,
83AD,
838D,
7B6C,
7B4C,
7B4C,
7B4B,
7B4B,
7B4B,
734B,
732B,
730B,
6AEA,
6AEA,
62E9,
62E9,
62C8,
5AA8,
5A87,
5266,
5246,
5246,
4A25,
4A45,
4A45,
5245,
5245,
4A45,
5266,
5266,
5266,
5266,
4A46,
4A25,
4A05,
4205,
4205,
41E5,
41E5,
41E5,
41E5,
41E5,
41E4,
41E4,
41E5,
41E5,
4205,
4205,
4A05,
4A05,
4A06,
4A26,
4A26,
4A26,
4A26,
4A26,
4A26,
4A26,
4A26,
4A26,
4A26,
4A26,
4A26,
4A26,
4A26,
4A26,
4A26,
4A26,
4A06,
4A06,
4A06,
4206,
4A06,
4A06,
4206,
41E5,
39A4,
3984,
3163,
2922,
2922,
2922,
2922,
2922,
2922,
2902,
2122,
2122,
2122,
2102,
2102,
20E2,
20E2,
20C1,
18C1,
18C1,
18C1,
18C1,
18C1,
18C1,
0860,
1060,
0840,
0840,
0840,
0840,
1040,
1060,
1060,
18A0,
20C1,
20C1,
28E2,
2902,
3122,
2902,
2902,
2902,
28E1,
20C1,
20A1,
18A0,
1880,
1880,
1040,
1040,
1060,
1060,
1880,
18A1,
18A1,
18C1,
18C1,
18C1,
20C1,
20C1,
20C1,
20C1,
20E1,
20E2,
20E2,
20E1,
2102,
2102,
2102,
20E2,
2902,
39A4,
5AC9,
946F,
B593,
C5F5,
C615,
C615,
CE16,
CE56,
D656,
D656,
D656,
D656,
D677,
DE77,
DE77,
DE77,
DE77,
DE77,
DE77,
DE77,
DE77,
DE77,
DE77,
DE77,
DE57,
DE56,
D636,
D636,
D616,
CE15,
CDD4,
C594,
BD73,
BD73,
B532,
B532,
B511,
ACF1,
A4D0,
A4B0,
9C4F,
9C4F,
9C4F,
942E,
942E,
940E,
940E,
8BED,
8BED,
8BED,
8BEE,
8BCD,
8BCD,
83AD,
83AC,
838C,
7B6C,
7B6C,
7B6C,
7B6C,
7B6C,
7B4C,
732B,
730A,
6B0A,
6B0A,
6AEA,
62C9,
62C9,
62A8,
5AA7,
5A87,
5266,
5266,
5246,
5246,
5246,
5246,
5246,
5246,
5266,
5266,
5266,
5246,
5246,
4A25,
4A05,
4A05,
41E5,
41E5,
41E5,
41E5,
41E5,
41E5,
41E5,
41E5,
4205,
4205,
4A05,
4A05,
4A25,
4A25,
4A26,
4A46,
4A46,
4A26,
4A26,
4A26,
4A26,
4A26,
4A26,
4A46,
4A46,
4A26,
4A26,
4A26,
4A46,
5246,
4A26,
4A26,
4A26,
4A06,
4A06,
4A06,
4A06,
4A06,
4A06,
4A06,
41C5,
39A4,
3163,
2922,
2902,
2901,
2902,
2902,
2902,
2902,
2922,
2922,
2922,
2102,
20E2,
20E1,
20E2,
18C1,
18A1,
18A1,
18C1,
18C1,
18C1,
18E1,
0840,
0860,
0840,
0840,
0840,
0840,
0840,
1060,
1060,
1880,
18A1,
18A1,
20C1,
20E1,
2902,
2902,
2902,
20E1,
20C1,
1880,
1860,
1060,
1060,
1040,
1060,
1060,
1060,
1080,
1881,
18A1,
18A1,
18C1,
20C1,
20C1,
20E1,
20E1,
20E1,
20E1,
20E2,
20E2,
20E2,
20E1,
2102,
2102,
2922,
3143,
39A4,
5247,
7BAC,
AD32,
C5F5,
C615,
CE15,
C615,
CE15,
CE35,
D656,
D656,
D656,
D656,
D656,
DE77,
DE77,
DE77,
DE77,
DE77,
DE77,
DE77,
DE77,
DE97,
DE77,
DE77,
DE77,
DE57,
DE56,
D636,
D636,
D636,
CDF5,
C5B4,
C593,
BD73,
BD52,
B532,
B511,
ACF1,
A4B0,
A490,
9C6F,
9C6F,
9C6F,
9C4F,
9C4F,
942E,
942E,
940E,
8BEE,
8BEE,
8BEE,
8BED,
8BCD,
83AD,
83AD,
83AC,
838C,
838C,
838C,
838C,
838C,
7B6C,
732B,
730B,
6B0A,
6AEA,
6AEA,
62C9,
62C9,
62A8,
5AA7,
5A87,
5A87,
5267,
5266,
5246,
5266,
5266,
5246,
5246,
5266,
5266,
5246,
5246,
5246,
4A25,
4A05,
4A05,
4A05,
4A05,
4A05,
4A05,
4A05,
4A05,
4A05,
4A05,
4A05,
4A25,
4A26,
4A26,
4A26,
4A26,
4A26,
4A46,
5246,
5246,
5246,
5246,
5246,
5246,
5246,
5246,
5246,
4A46,
4A26,
4A46,
5247,
5247,
5247,
5246,
4A26,
4A26,
4A26,
4A26,
4A26,
4A26,
4A26,
4A26,
4A05,
41C5,
3983,
2942,
2902,
2902,
2902,
2902,
2902,
2902,
2922,
2922,
2922,
2102,
2102,
20E1,
20C1,
18C1,
18A1,
18A1,
18C1,
18C1,
18C1,
18E1,
1081,
1081,
0861,
0840,
0840,
0840,
0840,
1060,
0840,
1060,
1060,
1080,
1880,
18A1,
20C1,
20E1,
20E2,
20C1,
1880,
1060,
1040,
1060,
1060,
1040,
1080,
1080,
1080,
18A1,
18A1,
18A1,
18C1,
18C1,
20C1,
20C1,
20E1,
20E1,
20E1,
20E1,
20E2,
20E2,
20E2,
20E1,
2102,
2922,
3184,
41E5,
5267,
6B4B,
9490,
BD94,
C615,
CE15,
CE16,
CE15,
CE35,
CE35,
CE35,
CE55,
D655,
D656,
D656,
D676,
DE76,
DE77,
DE77,
DE77,
DE77,
DE97,
DE97,
DE97,
DE97,
DE97,
DE97,
DE77,
DE56,
DE56,
DE56,
D656,
D615,
CDF5,
C5B4,
C593,
BD72,
B532,
B512,
ACF1,
A4D0,
A4B0,
A48F,
9C8F,
9C6F,
9C6F,
9C6F,
9C4F,
942E,
942E,
940E,
940E,
8BED,
8BCD,
8BCD,
83AC,
83AC,
83AC,
83AC,
83AC,
83AC,
838C,
838C,
7B6C,
732B,
730A,
6B0A,
6AEA,
62C9,
62C9,
62C9,
62A8,
5AA8,
5A87,
5A87,
5A67,
5267,
5266,
5266,
5266,
5266,
5266,
5266,
5266,
5246,
5246,
5246,
4A26,
4A26,
4A25,
4A05,
4A05,
4A05,
4A25,
4A25,
4A26,
4A26,
4A26,
4A26,
4A26,
5246,
5246,
5246,
5246,
5246,
5246,
5246,
5246,
5267,
5267,
5267,
5267,
5267,
5267,
5267,
5267,
5267,
5267,
5267,
5267,
5267,
5267,
5247,
5247,
5247,
5247,
5267,
5267,
5247,
5247,
4A26,
4205,
39A4,
3143,
2922,
2902,
2922,
2922,
2122,
2122,
2922,
2922,
2122,
2102,
2101,
20E1,
20C1,
18C1,
18A1,
18C1,
18C1,
18A1,
18C1,
18C1,
18A2,
18A2,
1081,
0860,
0860,
0860,
0840,
1060,
0840,
1060,
1060,
1060,
1040,
1060,
1880,
18A1,
18C1,
18A1,
1880,
1060,
1060,
1080,
1080,
1080,
1880,
18A1,
18A1,
18A1,
18C1,
20C1,
20C1,
20C1,
20C1,
20C1,
20C1,
20C1,
20C1,
20C1,
20E1,
20E1,
20E1,
20E1,
2902,
3143,
41C5,
5267,
6B2A,
8C2E,
AD32,
BDD4,
C615,
C615,
CE15,
CE35,
CE35,
CE35,
CE35,
CE35,
CE55,
D656,
D656,
D656,
D676,
DE76,
DE77,
DE77,
DE77,
DE97,
DE97,
DE97,
DE97,
DE97,
DE97,
DE97,
DE77,
DE56,
DE56,
DE56,
D636,
D615,
CDD4,
C5B4,
BD93,
BD52,
B532,
AD11,
ACD1,
A4B0,
A48F,
A48F,
9C8F,
9C6F,
9C6F,
9C4F,
942E,
942E,
940E,
8BED,
8BCD,
83AD,
83AC,
838C,
838C,
838C,
83AC,
838C,
838C,
838C,
7B6C,
7B4B,
732B,
730A,
6AEA,
6AE9,
62C9,
62C9,
62C9,
62C8,
5AA8,
5A87,
5A67,
5A86,
5267,
5286,
5266,
5266,
5266,
5266,
5266,
5266,
5246,
5246,
5246,
5246,
4A26,
4A26,
4A26,
4A26,
4A26,
4A26,
4A26,
5246,
5246,
5246,
5246,
5246,
5246,
5246,
5246,
5246,
5266,
5266,
5267,
5267,
5A87,
5A87,
5A88,
5AA8,
5AA8,
5AA8,
5AA8,
5A88,
5A87,
5A87,
5A88,
5A88,
5A87,
5287,
5267,
5267,
5267,
5A88,
5A88,
5A88,
5288,
5267,
5267,
4A06,
39A4,
3163,
2922,
2922,
2922,
2922,
2122,
2122,
2122,
2122,
2102,
2102,
2101,
2101,
18E1,
18C1,
18C1,
18C1,
18C1,
18C1,
18C1,
18C1,
10A2,
10A2,
1081,
0861,
0861,
0861,
0861,
0860,
0840,
0860,
0860,
0840,
0840,
0860,
1060,
1080,
1081,
1081,
1081,
1080,
1081,
18A1,
18A1,
18A1,
18A1,
18A1,
18C1,
18C1,
18C1,
20E2,
20E2,
20C1,
20C1,
20C1,
20C1,
20C1,
20C1,
20C1,
20C1,
20C1,
20C1,
20C1,
2102,
3163,
41E5,
5AA8,
7BAC,
9CD0,
BDB4,
C615,
C615,
C615,
CE15,
CE15,
CE35,
CE15,
CE35,
CE35,
CE35,
CE55,
D656,
D656,
D676,
D676,
DE77,
DE77,
DE77,
DE77,
DE97,
DE97,
DE97,
DE97,
DE97,
DE97,
DE77,
DE76,
DE56,
DE56,
D636,
D635,
CDF5,
CDD4,
C593,
BD73,
B552,
B511,
ACF0,
A4D0,
A48F,
9C8F,
9C6F,
9C6F,
9C6F,
9C6F,
9C4E,
942E,
8C0D,
8BED,
83AC,
838C,
838C,
7B6B,
7B6B,
7B6B,
838C,
7B6B,
7B6B,
7B6B,
7B6B,
7B4B,
732A,
730A,
6B0A,
6AE9,
6AC9,
62C8,
62C8,
62C8,
5AA7,
5A87,
5A86,
5A86,
5A66,
5A66,
5A66,
5266,
5266,
5266,
5266,
5245,
5246,
5246,
5246,
5246,
5246,
5246,
4A26,
5246,
5246,
5246,
5246,
5246,
5266,
5267,
5267,
5267,
5267,
5267,
5267,
5A87,
5A87,
5A87,
5AA8,
5AA8,
5AA8,
5AA8,
62C8,
62C8,
62C8,
62C8,
5AC8,
5AA8,
5AA8,
5AA8,
5AA8,
5AA8,
5AA8,
5AA8,
5AA8,
5AA8,
5AA8,
62C9,
62C9,
62C9,
5AA9,
5AA8,
5287,
4A26,
39C4,
3163,
2942,
2922,
2922,
2922,
2122,
2102,
2102,
2102,
2102,
2102,
2102,
2101,
20E2,
20E1,
18C1,
18C1,
18C1,
18C1,
18C1,
18C1,
10A2,
10A2,
1081,
0840,
0860,
0861,
0840,
0840,
0860,
0840,
0840,
0840,
0840,
0840,
0840,
1060,
1061,
1081,
1081,
1081,
18A1,
18C2,
18C2,
18A1,
18C1,
18C1,
18C1,
18C1,
18C1,
20E2,
20C1,
20C1,
20C2,
20C1,
18C1,
18C1,
18C1,
20C1,
18C1,
18C1,
18C1,
18C1,
2101,
2942,
41C5,
5AC8,
83ED,
AD32,
C5F5,
C615,
C615,
CE15,
CE15,
CE15,
CE35,
CE15,
CE35,
CE35,
CE35,
CE35,
D635,
D656,
D656,
D676,
D676,
D676,
DE76,
DE77,
DE77,
DE77,
DE77,
DE77,
DE77,
DE77,
DE76,
D656,
DE56,
DE56,
D656,
D636,
D615,
CDF5,
C5D4,
C593,
BD72,
B532,
ACF1,
ACD0,
A48F,
9C6F,
9C6F,
9C6F,
9C6F,
9C4F,
944E,
942E,
8BED,
8BCC,
838C,
838C,
7B6B,
7B6B,
7B6B,
7B6B,
7B6B,
7B6B,
7B4B,
7B4B,
7B4B,
7B4B,
732A,
730A,
6B09,
6AE9,
62C8,
62C8,
62C8,
62A7,
5AA7,
5A86,
5A86,
5A86,
5A86,
5A86,
5266,
5246,
5266,
5266,
5266,
5245,
5246,
5246,
5246,
5246,
5246,
5246,
5246,
5246,
5246,
5266,
5267,
5267,
5A87,
5A87,
5AA7,
5AA7,
5A87,
5A87,
5A87,
5AA7,
5AA8,
62C8,
62E8,
62E8,
62E9,
62E9,
62E9,
62E9,
62E9,
62E9,
62E9,
62E9,
62E9,
62E9,
62E9,
62E9,
62E9,
62E9,
6B0A,
6B0A,
6B0A,
6B0A,
6B0A,
6B0A,
62EA,
62E9,
5AA8,
5267,
41E5,
3183,
2942,
2942,
2922,
2922,
2102,
2102,
2102,
2101,
2102,
2102,
2102,
2102,
2102,
20E2,
20E1,
20E1,
18C1,
18C1,
18C1,
18C1,
18C2,
18C2,
10A1,
0861,
0861,
0861,
0860,
0840,
0861,
0840,
0840,
0840,
0840,
0840,
0840,
0860,
1061,
1081,
1081,
18A1,
18C2,
20E2,
20E2,
18C2,
18C1,
18C1,
18C1,
18C1,
18C1,
18C1,
18C1,
18C1,
20C1,
18C1,
18A1,
18A1,
18C1,
18C1,
18A1,
18A1,
18A0,
18A0,
2101,
3163,
41E5,
5AC8,
840D,
AD52,
C5F5,
C5F5,
C5F5,
C615,
C615,
C614,
CE35,
CE34,
CE35,
CE35,
CE35,
CE35,
CE35,
D655,
D655,
D656,
D656,
D656,
D656,
D676,
DE76,
DE76,
DE76,
DE76,
DE77,
DE77,
DE76,
D656,
DE56,
DE56,
DE56,
D656,
D636,
CE15,
CDF5,
C5D4,
C5B3,
BD73,
B552,
AD11,
A4D0,
A4AF,
9C6F,
9C6F,
9C6F,
9C4F,
942E,
940E,
8BED,
8BCC,
83AC,
7B8B,
7B6B,
7B6B,
7B6B,
7B6B,
7B6B,
7B6B,
7B4B,
7B4B,
7B4B,
732A,
730A,
6B09,
6AE9,
6AE8,
62C8,
62C7,
62C7,
62A7,
62A7,
5A86,
5AA6,
5AA6,
5A86,
5A86,
5266,
5266,
5266,
5266,
5266,
5266,
5266,
5266,
5266,
5266,
5267,
5266,
5267,
5267,
5267,
5A87,
5A87,
5AA7,
5AA8,
5AA8,
62C8,
62C8,
62C8,
62C8,
62C8,
62C8,
62E9,
62E9,
6B09,
6B29,
6B2A,
6B2A,
6B2A,
734A,
6B2A,
6B2A,
6B2A,
6B2A,
6B2A,
6B2A,
6B2A,
6B4A,
734A,
734B,
736B,
734B,
734B,
734B,
734B,
6B2B,
6B2A,
6B0A,
62E9,
5287,
4205,
39A4,
2963,
2942,
2922,
2922,
2101,
2101,
2101,
2101,
2101,
2102,
2102,
2102,
2102,
20E2,
20E1,
20E1,
18E1,
18C1,
18C1,
18C1,
18E2,
18E3,
10A2,
0861,
1081,
1081,
1081,
1081,
1081,
0840,
0840,
0840,
0840,
0840,
0840,
0840,
0840,
1061,
1081,
10A1,
18C2,
20E2,
20E2,
20E2,
18C1,
18C1,
18C1,
18A1,
18C1,
18C1,
18C1,
18C1,
18C1,
18A1,
18A1,
18A1,
18A1,
18A1,
18A1,
18A0,
1880,
18C1,
2922,
3183,
4205,
62C8,
840D,
AD52,
C5F4,
C5F4,
C5D4,
C5F4,
C5F4,
C5F4,
CE35,
CE14,
CE35,
CE35,
CE35,
CE35,
CE35,
D635,
D655,
D656,
D656,
D656,
D656,
D656,
DE76,
DE76,
DE76,
D656,
DE76,
DE76,
DE76,
D656,
DE56,
DE76,
DE76,
DE56,
D656,
D636,
CE15,
CDF5,
CDF4,
C5B4,
BD93,
B552,
AD11,
ACF0,
A4B0,
A490,
9C8F,
9C6F,
944E,
942E,
8BED,
83CC,
83AC,
7B8B,
7B8B,
7B8B,
838B,
7B8B,
838C,
7B6B,
7B4B,
734B,
732A,
732A,
6AE9,
6AE9,
6AE8,
62C8,
62C7,
62A7,
62C7,
62A7,
62A7,
5A86,
5AA6,
5AA6,
5A86,
5A86,
5A66,
5266,
5A86,
5A86,
5A86,
5A86,
5A87,
5A87,
5A87,
5A87,
5A87,
5A87,
5A87,
5A87,
5A87,
5A87,
5AA7,
5AA8,
62C8,
62C8,
62E8,
62E8,
62E9,
6B09,
6B09,
6B29,
6B2A,
734A,
734A,
736A,
736B,
7B8B,
7BAC,
7BAC,
7BAC,
7BAC,
7B8B,
7B8B,
7B8B,
738B,
738B,
738B,
7B8B,
7B8C,
7B8C,
738C,
736B,
736B,
736B,
734B,
734B,
6B2A,
6B0A,
5AA8,
4A26,
39A4,
3163,
2942,
2922,
2122,
2101,
2101,
20E1,
20E1,
1901,
2102,
2102,
2102,
2102,
20E1,
20E1,
20E1,
18E1,
18C1,
18C1,
18C1,
18C2,
18C2,
10A1,
1081,
10A2,
18C2,
20E3,
2103,
18E2,
10A1,
0840,
0020,
0020,
0840,
0840,
0840,
0840,
0840,
0840,
1081,
18A1,
18C2,
20C2,
20C2,
20C2,
18C1,
18A1,
18A1,
18A1,
18A1,
18A1,
18A1,
18A1,
1881,
1880,
1880,
1080,
1080,
1081,
18A1,
18A1,
2902,
39C5,
4A46,
62E9,
83ED,
9C8F,
B552,
BDB3,
C5D4,
C5D4,
C5F4,
C5D4,
C5F4,
C5D4,
C5F4,
CE14,
CE14,
CE15,
CE35,
CE35,
D635,
D655,
D656,
D656,
D656,
D656,
D656,
D656,
DE76,
D656,
D656,
D656,
D656,
D656,
D656,
DE76,
DE76,
DE76,
DE76,
DE56,
D656,
D636,
CE15,
CE15,
CDF5,
C5D4,
BD93,
BD93,
BD73,
B552,
AD31,
ACF1,
A4D0,
9C8F,
9C6E,
942E,
8C0D,
8BCD,
83CC,
83AC,
83AC,
83AC,
7BAC,
7B8B,
7B8B,
7B6B,
734A,
732A,
6B2A,
6B09,
6AE9,
6AE8,
62E8,
62C7,
62C7,
62C7,
62A7,
62A7,
5AA7,
5AA7,
5AA7,
5AA7,
5A87,
5A86,
5A86,
5A86,
5A87,
5A87,
5A87,
5A87,
5A87,
5A87,
5AA8,
62A8,
62A8,
62C8,
62C8,
62C8,
62E8,
62E9,
6B09,
6B09,
6B09,
6B09,
6B29,
6B2A,
6B2A,
6B2A,
734A,
736B,
738B,
7BAC,
7BCC,
83ED,
840D,
840D,
83ED,
83ED,
83EC,
83EC,
83CC,
7BAC,
7BAC,
7B8C,
7BAC,
7BAC,
7BAC,
7BAC,
7B8C,
738C,
738C,
736C,
736C,
734B,
6B2A,
6B0A,
5AC8,
4A47,
39C4,
3163,
2943,
2942,
2122,
2102,
2101,
2101,
2101,
2101,
2102,
2102,
2101,
2101,
2101,
20E1,
18E1,
18E1,
18E1,
18C1,
18C1,
10A1,
10A2,
1081,
0861,
1081,
10A2,
18A2,
18C2,
18A2,
1081,
0840,
0020,
0020,
0840,
0840,
0820,
0820,
0840,
0840,
1061,
1081,
1881,
18A1,
18A1,
18A1,
18A1,
18A1,
18A1,
18A1,
18A1,
18A1,
1880,
1881,
1080,
1060,
1060,
1080,
1060,
1080,
1081,
20C1,
3984,
5AC9,
736B,
8C2E,
9CD0,
AD11,
B573,
BD93,
C5B3,
C5B4,
C5D4,
C5D4,
C5D3,
C5D4,
C5F4,
CDF4,
CE14,
CE15,
CE15,
CE35,
CE35,
D635,
D636,
D656,
D656,
D656,
D656,
D656,
D656,
D656,
D656,
D656,
D656,
D656,
D656,
DE76,
DE76,
DE76,
DE76,
DE56,
DE56,
D656,
D636,
D636,
D635,
CDF5,
C5D4,
C5D4,
C5B4,
BD93,
B572,
B532,
AD11,
A4D0,
A4AF,
9C6F,
944E,
8C0D,
8BED,
83CC,
83CC,
83AC,
83AC,
83AC,
7B8B,
7B6B,
734A,
732A,
6B09,
6B09,
6AE9,
62E8,
62E7,
62C7,
62C7,
62C7,
62C7,
62A7,
62A7,
5AA7,
62A7,
5AA7,
5AA7,
5A87,
5A87,
5A87,
5A87,
5A87,
5A88,
5A88,
5AA8,
62A8,
62C8,
62C8,
62C9,
62E9,
62E9,
6B09,
6B09,
6B29,
6B2A,
734A,
734A,
734A,
736B,
736B,
7B8B,
7B8B,
7BAC,
83CC,
83EC,
83EC,
840D,
8C0D,
8C2D,
8C2D,
8C0D,
8C0D,
8C0D,
83ED,
83EC,
83CC,
83CC,
7BCC,
7BAC,
7BAC,
7BAC,
7BAC,
7BAC,
7BAC,
7B8C,
7B8C,
7B8C,
736C,
6B4B,
6B0A,
5AC8,
4A46,
39A4,
3163,
2942,
2942,
2122,
2102,
2102,
2101,
2101,
2101,
2101,
2101,
2101,
20E1,
18E1,
18E1,
18E1,
18E1,
18E1,
18C1,
18C1,
0861,
1081,
0861,
0861,
1081,
1081,
1081,
1081,
1081,
1081,
0840,
0840,
0840,
0840,
0840,
0840,
0020,
0020,
0840,
0840,
0860,
1060,
1080,
1080,
18A1,
18A1,
18C1,
18C1,
18A1,
18A1,
18A1,
1080,
1080,
1060,
1060,
1060,
1060,
1060,
1060,
1080,
2102,
4A27,
7BAC,
948F,
A4F1,
AD52,
AD31,
B572,
BD93,
BD93,
C5B3,
C5B3,
C5B3,
C5B3,
C5D3,
C5D3,
C5F4,
CDF4,
CDF4,
CE14,
CE15,
CE15,
CE15,
CE15,
D635,
D635,
D635,
D656,
D656,
D656,
D656,
D656,
D656,
D656,
D656,
D656,
D656,
D656,
D656,
D656,
D656,
D656,
D656,
D636,
D636,
D636,
CE15,
CDF5,
C5F4,
C5F4,
C5B4,
BD93,
BD73,
B552,
AD11,
A4F0,
A4AF,
9C8F,
944E,
942D,
8C0D,
8BED,
83CC,
83CC,
83AC,
7BAB,
7B8B,
734A,
732A,
6B09,
6AE9,
6AE8,
62C8,
62C7,
62C7,
62A7,
62C7,
62C7,
62A7,
62A7,
62C7,
62C7,
62C7,
62A7,
62A7,
62A7,
62A7,
62A8,
62A8,
62C8,
62C8,
62C8,
62C9,
6AE9,
6B09,
6B0A,
6B2A,
6B2A,
734A,
734A,
736B,
736B,
7B8B,
7B8B,
7BAC,
83CC,
83EC,
83ED,
83ED,
8C0D,
8C2E,
8C4E,
8C2E,
8C2E,
8C4E,
8C4E,
8C4E,
8C2E,
8C2E,
8C2E,
8C0D,
840D,
840D,
83ED,
83ED,
83ED,
83CD,
83CC,
83CD,
83CD,
7BCD,
7BAC,
7BAD,
7BAC,
736C,
6B4B,
630A,
5AA8,
4226,
31A4,
2943,
2922,
2122,
2102,
2102,
2102,
1901,
1901,
1901,
1901,
18E1,
18E1,
18E1,
18E1,
18E1,
18E1,
18E1,
18C1,
18C1,
18C1,
0840,
0861,
0861,
0860,
1061,
0861,
0860,
0861,
1081,
0861,
0860,
0840,
0840,
0840,
0840,
0840,
0020,
0020,
0840,
0840,
0840,
0840,
0840,
1060,
1881,
18A1,
18A1,
18C1,
18C1,
18C1,
18A1,
1080,
1060,
1060,
1060,
1060,
1060,
0840,
1060,
1080,
2923,
5268,
83ED,
9CB0,
A4F1,
AD11,
AD11,
B552,
BD72,
BD72,
BD92,
BD92,
BD93,
BDB3,
C5B3,
C5B3,
C5D3,
C5D3,
CDF4,
CE14,
CE15,
CE15,
CE15,
CE15,
D635,
D635,
D635,
D635,
D656,
D656,
D656,
D656,
D656,
D656,
D656,
D656,
D656,
D656,
D656,
D656,
D636,
D636,
D636,
D636,
D636,
D636,
CE15,
CDF5,
C5F4,
C5F4,
C5D4,
BDB3,
BD93,
BD73,
B552,
AD31,
A4D0,
A4B0,
9C8F,
946E,
944E,
942D,
8C0D,
8BEC,
83EC,
83CC,
7B8B,
7B6B,
734A,
7329,
6B09,
6B09,
6AE8,
62E8,
62C8,
62C7,
62C8,
62C8,
62C8,
62C8,
62E8,
62E8,
62E8,
62C8,
62C8,
62C8,
62E8,
6AE8,
6AE9,
6AE9,
6AE9,
6B09,
6B0A,
732A,
734B,
736B,
7B8B,
7B8B,
7B8B,
7B8B,
7BAC,
83CC,
83CC,
83ED,
8C0D,
8C0D,
8C2E,
8C2E,
944E,
944E,
946E,
946F,
946E,
946F,
946F,
946F,
946E,
944E,
944E,
8C4E,
8C2E,
8C2D,
8C0D,
8C0D,
8C0D,
840D,
83ED,
83ED,
83ED,
83ED,
83CD,
7BCD,
7BAD,
7BAC,
736C,
6B2B,
62E9,
5287,
41E5,
3183,
2942,
2922,
2122,
2102,
2101,
2101,
18E1,
18E1,
18E1,
18E1,
18E1,
18E1,
18E1,
18E1,
18E1,
18E1,
18C1,
18C1,
18C1,
18C1,
0820,
0840,
0840,
0840,
0860,
0840,
0840,
0861,
0861,
0860,
0840,
0840,
0840,
0840,
0840,
0820,
0020,
0020,
0840,
0040,
0820,
0840,
0840,
0840,
1080,
1081,
18A1,
18C1,
20E2,
20E2,
18A1,
1060,
1060,
1060,
1060,
1060,
0840,
0840,
1060,
1080,
2923,
5A88,
83CD,
946F,
9CB0,
A4F0,
AD11,
B552,
B552,
BD72,
BD72,
BD72,
BD72,
BD72,
BD92,
C592,
C5B3,
C5B3,
CDD4,
CDF4,
CE14,
CE14,
CE15,
CE15,
D635,
D635,
D635,
D635,
D656,
D656,
D656,
D656,
D656,
D656,
D656,
D656,
D656,
D656,
D655,
D656,
D656,
DE56,
D656,
D656,
D636,
D636,
CE35,
CE15,
C5F5,
C5F4,
C5D4,
C5D4,
C5B3,
BD93,
BD73,
B552,
AD11,
ACF1,
A4D0,
9CAF,
9C8F,
944E,
942E,
8C0D,
8C0D,
8BEC,
83CC,
7B8B,
7B6B,
734A,
732A,
7329,
7329,
6B29,
6B09,
6B09,
6B09,
6B08,
6AE9,
6AE8,
6AE8,
6AE9,
6AE9,
6AE9,
6AE9,
6AE9,
6B09,
6B09,
6B2A,
6B2A,
732A,
732A,
734B,
7B6B,
7B8C,
83AC,
83CC,
83CC,
83CC,
83ED,
8C0D,
8C0D,
8C2E,
8C2E,
944E,
944E,
946E,
946F,
946F,
9C8F,
9C8F,
9C8F,
9CAF,
9CAF,
9CAF,
9CAF,
9CAF,
9C8F,
946F,
946E,
944E,
8C4E,
8C2D,
8C0D,
8C0D,
8C0D,
8C0D,
83ED,
83ED,
83ED,
83CD,
7BCD,
7BAD,
7BAC,
736B,
6B2A,
5AC8,
4A46,
39A4,
2963,
2942,
2922,
2102,
2101,
2101,
20E1,
18E1,
18E1,
18E1,
18E1,
18E1,
18E1,
18E1,
18E1,
18E1,
18C1,
18E1,
18C1,
18C1,
10C1,
0820,
0840,
0840,
0840,
0860,
0840,
0840,
1081,
1061,
0860,
0840,
0840,
0840,
0840,
0840,
0840,
0020,
0020,
0020,
0020,
0020,
0820,
0840,
0840,
0840,
1060,
18A1,
18C1,
2102,
2102,
18C1,
1060,
1060,
1060,
0840,
0840,
0840,
0840,
1060,
1060,
2943,
5AA9,
83CD,
946F,
9CB0,
A4D0,
AD11,
B551,
B551,
BD51,
BD71,
BD71,
BD71,
BD71,
BD71,
BD72,
BD92,
C5B2,
C5B3,
CDD3,
CDF4,
CDF4,
CDF5,
CE15,
CE15,
CE15,
CE15,
D635,
D635,
D656,
D656,
D656,
D656,
D656,
D635,
D656,
D656,
D656,
D655,
D635,
DE56,
DE56,
D656,
D636,
D636,
D636,
CE35,
CE15,
CE15,
C5F5,
C5F4,
C5D4,
C5B4,
C5B3,
BD93,
B572,
B532,
AD11,
ACF0,
A4D0,
9CAF,
9C6F,
944E,
942E,
8C0D,
8C0D,
83EC,
83AC,
7B8B,
7B6B,
734A,
734A,
734A,
734A,
7329,
6B29,
6B29,
6B29,
6B09,
6B09,
6B09,
6B09,
6B09,
6B09,
6B09,
7329,
732A,
734A,
734B,
734B,
7B6B,
7B8B,
7BAC,
83CC,
83ED,
8BED,
8C0D,
8C2D,
8C2E,
944E,
944E,
946F,
946F,
946F,
9C8F,
9C8F,
9C8F,
9CB0,
9CB0,
9CB0,
9CD0,
9CD0,
9CB0,
9CB0,
9CD0,
9CD0,
9CD0,
9CAF,
948F,
946F,
946F,
944E,
8C2E,
8C2D,
8C0E,
8C0E,
8C0E,
8C0D,
840E,
83ED,
83ED,
7BCD,
7BCD,
7BAC,
734B,
6B0A,
52A8,
4206,
3184,
2943,
2942,
2122,
2102,
2101,
2101,
2101,
18E1,
18E1,
18E1,
18E1,
18E1,
18E1,
18E1,
18E1,
18E1,
18C1,
18E1,
18C1,
10C1,
10C1,
0840,
0860,
0860,
0860,
0861,
0840,
0840,
1081,
1081,
0861,
0860,
0861,
0861,
0881,
0861,
0860,
0840,
0040,
0020,
0020,
0020,
0040,
0840,
0840,
0820,
0840,
1061,
10A1,
18E2,
2102,
18E2,
18A1,
1080,
0840,
0840,
0840,
0840,
0840,
1060,
1060,
2943,
5AA9,
7BCD,
944E,
9C8F,
9CAF,
AD11,
AD11,
B531,
B551,
BD51,
BD71,
BD51,
BD51,
BD51,
BD71,
BD71,
BD92,
C592,
C5B3,
C5D3,
CDD4,
CDF4,
CE14,
CE14,
CE15,
CE15,
D635,
D635,
D635,
D636,
D636,
D656,
D636,
D635,
D635,
D635,
D656,
D635,
D635,
D636,
D656,
D656,
D636,
D635,
D635,
CE35,
CE15,
CE15,
CE15,
C5F4,
C5D4,
C5D4,
C5B4,
BD93,
BD73,
B552,
B531,
AD11,
A4F0,
A4D0,
9CAF,
9C8E,
946E,
944E,
944D,
8C0D,
8BEC,
83CC,
7BAB,
7B8B,
7B6A,
7B6B,
734A,
734A,
732A,
732A,
732A,
6B2A,
6B09,
6B2A,
732A,
732A,
732A,
734A,
734A,
7B6B,
7B8B,
7BAC,
83AC,
83AC,
83CD,
8BED,
8C0E,
8C2E,
944E,
946F,
946F,
9C8F,
9C8F,
9CAF,
9CB0,
9CB0,
9CB0,
A4D0,
A4D0,
A4D0,
A4D0,
A4D0,
A4D0,
A4D0,
A4D0,
9CD0,
9CD0,
9CD0,
A4D0,
A4D0,
9CB0,
9C8F,
948F,
948F,
946E,
8C2E,
8C2D,
8C2E,
8C2E,
8C0E,
8C0E,
8C0E,
840E,
83ED,
7BCD,
7BCD,
7BAC,
736B,
6B0A,
52A8,
4205,
3163,
2942,
2923,
2122,
2102,
2102,
2102,
2102,
1902,
18E1,
18E2,
18E2,
18E2,
18E1,
18E1,
18E1,
18E1,
18E1,
18E1,
18E1,
10C1,
10C1,
0020,
0840,
0840,
0840,
0840,
0020,
0040,
0861,
0861,
0860,
0840,
0861,
1081,
1081,
0861,
0840,
0840,
0040,
0020,
0020,
0020,
0040,
0820,
0020,
0840,
0840,
0860,
0860,
10A1,
18E2,
2103,
2102,
1080,
1060,
0840,
0840,
0860,
0860,
1060,
1060,
2923,
5A88,
738B,
8C0D,
944E,
9C8F,
AD11,
B531,
B531,
B551,
B551,
BD51,
BD51,
B551,
B551,
BD51,
BD51,
BD71,
BD72,
C592,
C5B3,
C5D3,
CDF4,
CDF4,
CE14,
CE14,
CE15,
CE15,
D635,
D635,
D635,
D635,
D636,
D636,
D635,
D635,
D635,
D635,
D635,
D635,
D636,
D656,
D636,
D636,
D635,
D635,
CE35,
CE15,
CE15,
CE15,
C5F5,
C5F4,
C5D4,
C5D4,
C5B4,
BD93,
BD92,
B572,
B531,
AD11,
AD10,
A4F0,
A4D0,
A4AF,
9C8F,
9C8E,
946E,
944D,
8C0D,
8BEC,
83CC,
83AB,
7B8B,
7B8B,
7B6B,
736A,
736A,
734A,
734A,
734A,
734A,
734A,
734A,
734A,
7B6B,
7B8B,
83AC,
83AC,
83CD,
83ED,
8BED,
8C0E,
942E,
944F,
946F,
9C8F,
9CB0,
9CB0,
A4D0,
A4D0,
A4D0,
A4D0,
A4D0,
A4D0,
A4D0,
A4D0,
A4D0,
A4D0,
A4D0,
A4D0,
A4D0,
9CD0,
A4D0,
A4D0,
A4D0,
A4F0,
A4F0,
A4D0,
9CB0,
9CAF,
948F,
946E,
8C4E,
8C2E,
8C2E,
8C2E,
8C0E,
8C0D,
8C0E,
83ED,
83CD,
7BCD,
7BCD,
7BAC,
736B,
6B2A,
5AA8,
4205,
2963,
2922,
2923,
2122,
2102,
2102,
2102,
2102,
18E1,
18E1,
18E2,
18E1,
18E1,
18C1,
18C1,
18E1,
18E1,
18E1,
18E1,
18E1,
18E1,
18E1,
0020,
0020,
0040,
0020,
0020,
0020,
0840,
0840,
0860,
0840,
0840,
0840,
0861,
0881,
0861,
0861,
0861,
0840,
0040,
0840,
0840,
0840,
0820,
0020,
0840,
0840,
0840,
0860,
0860,
1081,
18E2,
2123,
18C1,
18C1,
1080,
0860,
0860,
0860,
1060,
1080,
3143,
4A26,
734A,
83ED,
942E,
9C8F,
ACF0,
B531,
B531,
B530,
B530,
B550,
B550,
B550,
BD51,
BD51,
BD51,
BD51,
BD71,
BD71,
BD92,
C5B2,
CDD3,
CDF4,
CDF4,
CE14,
D615,
D635,
D615,
D615,
D635,
D635,
D635,
D635,
D635,
D635,
D635,
D635,
D635,
D635,
D636,
D636,
D636,
D635,
CE35,
CE35,
CE35,
CE35,
CE15,
CE15,
C5F5,
C5F4,
C5F4,
C5D4,
C5D4,
C5D4,
BDB3,
BD93,
B572,
B552,
B531,
AD11,
ACF0,
A4F0,
A4AF,
9CAF,
9C8F,
9C6E,
944E,
8C2D,
8BEC,
83EC,
83CC,
83CC,
83AC,
7B8B,
7B8B,
7B8B,
7B6B,
7B6B,
7B6B,
7B6B,
7B8B,
7B8B,
7BAC,
83CC,
8BED,
8C0D,
8C0E,
942E,
944E,
946F,
9C8F,
9C90,
9CB0,
A4D0,
A4D0,
A4D0,
A4F0,
A4F1,
A4F1,
A4F1,
A4F1,
A4F1,
A4F1,
A4F1,
A4F0,
A4D0,
A4F0,
A4F0,
A4F0,
A4F0,
A4F0,
A4F0,
A4F0,
A4F0,
A4F0,
A4D0,
9CB0,
9CAF,
948F,
946F,
946E,
944E,
944E,
8C2E,
8C2E,
8C0D,
8C0E,
83ED,
83ED,
83CD,
7BCD,
7BAD,
738C,
6B2B,
5AA8,
4206,
3163,
2102,
2102,
2102,
2102,
20E2,
1902,
1902,
1902,
1902,
1902,
18E2,
18E1,
18C1,
18C1,
18C1,
18C1,
18C1,
18E1,
18E1,
18E1,
18E1,
0040,
0840,
0840,
0040,
0040,
0020,
0840,
0840,
0840,
0840,
0840,
0840,
0861,
0861,
0861,
0861,
0861,
0841,
0841,
0841,
0841,
0020,
0020,
0020,
0840,
0840,
0840,
0840,
0840,
0860,
10A1,
18C2,
18E2,
20E2,
18C1,
1080,
1060,
0860,
1060,
18A1,
2943,
4A06,
6B09,
7BAB,
8BED,
946E,
A4CF,
AD10,
B510,
B530,
B530,
B530,
B530,
B530,
B530,
B550,
B550,
BD51,
BD51,
BD71,
BD72,
C592,
C5B3,
CDD3,
CDF4,
CDF4,
D615,
D615,
D615,
D615,
D615,
D635,
D635,
D635,
D635,
D635,
D655,
D655,
D655,
D635,
D636,
D636,
D636,
D635,
CE35,
CE35,
CE35,
CE35,
CE15,
CE15,
CE15,
C5F5,
C5F4,
C5F4,
C5D4,
C5D4,
C5B3,
BD93,
BD92,
B572,
B552,
B531,
AD11,
ACF0,
A4F0,
A4D0,
A4CF,
9CAF,
9C8E,
946E,
942D,
8C0D,
8C0D,
8BED,
83ED,
83CC,
83CC,
83CC,
83AC,
83AC,
83AC,
83AC,
83CC,
83CD,
83ED,
8C0D,
942E,
944E,
944F,
9C6F,
9C8F,
9C90,
A4B0,
A4D0,
A4D0,
A4F0,
A4F1,
A4F1,
A4F1,
A4F1,
AD11,
AD11,
AD11,
A4F1,
A4F1,
A4F1,
A4F1,
A4F0,
A4F0,
A4F0,
A4F0,
A4F0,
A4F0,
A4F0,
A4F1,
A4F1,
A4F0,
A4D0,
9CB0,
9CAF,
948F,
948F,
946F,
946E,
944E,
8C4E,
8C2E,
8C2E,
8C0E,
83ED,
83ED,
83ED,
7BCD,
7BAD,
738C,
6B4B,
5AE9,
4A47,
39A4,
2943,
2123,
2102,
2102,
20E2,
18E2,
18E2,
18E2,
1902,
1902,
18E2,
18E2,
18C1,
10C1,
10C1,
10C1,
18C1,
10C1,
18E1,
18E1,
18E1,
0840,
0840,
0840,
0840,
0840,
0040,
0040,
0840,
0840,
0840,
0840,
0840,
0840,
0840,
0860,
0860,
0841,
0861,
0861,
0861,
0861,
0840,
0840,
0840,
0840,
0840,
0840,
0840,
0840,
0840,
0860,
0880,
18E2,
2102,
18E2,
18C1,
10A1,
1080,
1081,
20E2,
3164,
41E5,
5AA8,
734A,
83AC,
942D,
A4AF,
ACF0,
B510,
B530,
B530,
B530,
B530,
B530,
B550,
B550,
B550,
B550,
BD51,
BD71,
BD71,
BD92,
C5B2,
C5B3,
C5D3,
CDD4,
CDF4,
CE14,
D615,
D615,
D615,
D615,
D615,
D615,
D615,
D635,
D635,
D655,
D655,
D655,
D636,
D636,
D636,
D635,
CE35,
CE35,
CE35,
CE35,
CE15,
CE15,
CE15,
C5F5,
C5F5,
C5F4,
C5F4,
C5F4,
C5D4,
BDB4,
BD93,
BD93,
B572,
B552,
AD31,
AD11,
AD11,
A4F1,
A4F0,
A4D0,
9CAF,
9C8F,
946E,
944E,
944E,
8C2E,
8C0D,
8C0D,
8C0D,
8C0D,
8C0D,
83ED,
8C0D,
8C0D,
8C0D,
8C0E,
8C2E,
944E,
946F,
9C8F,
9CB0,
A4B0,
A4D0,
A4D1,
A4F1,
ACF1,
ACF1,
ACF1,
A4F1,
A4F1,
AD11,
AD11,
AD11,
AD11,
AD11,
AD11,
AD11,
A4F1,
A4F1,
A4F1,
A4F1,
A4F1,
A4F0,
A4F0,
A4F0,
A4F0,
A4F1,
A4F1,
A4F1,
A4D0,
9CB0,
9CAF,
9C8F,
948F,
946F,
946E,
946F,
944E,
8C4E,
8C2E,
8C2E,
840E,
83ED,
83ED,
83CD,
7BCD,
7B8C,
6B4B,
62EA,
5268,
39E5,
3164,
2943,
2122,
2102,
18E2,
18E2,
18E2,
18E2,
18E2,
18E2,
18E2,
18C1,
18C1,
10A1,
10A1,
10C1,
10C1,
18C1,
18C1,
18E1,
18E1,
0860,
0860,
0860,
0840,
0840,
0840,
0040,
0020,
0020,
0040,
0040,
0040,
0020,
0020,
0040,
0840,
0840,
0861,
0861,
1081,
0861,
0861,
0861,
0861,
0861,
0840,
0840,
0840,
0840,
0860,
0860,
0860,
10A1,
18E2,
2102,
18E2,
18C1,
10A1,
18C1,
2923,
3184,
4206,
5A87,
6B09,
7B6B,
8C0D,
A48F,
ACF0,
B531,
B531,
B531,
B551,
B551,
B550,
B550,
B550,
B550,
B550,
B551,
BD71,
BD71,
BD71,
BD92,
BD92,
C592,
C5B3,
CDD4,
CDF4,
CDF5,
CE15,
D615,
D615,
D615,
D615,
D615,
D615,
D635,
D635,
D635,
D635,
D635,
D636,
D635,
CE35,
CE35,
CE35,
CE35,
CE35,
CE15,
CE15,
CE15,
C5F5,
C5F5,
C5F5,
C5F4,
C5F4,
C5D4,
C5D4,
BDB3,
BD93,
BD93,
B572,
B552,
AD32,
AD31,
AD11,
AD11,
A4F0,
A4D0,
9CAF,
9C8F,
9C8F,
946F,
944E,
944E,
8C2E,
8C2E,
944E,
8C2E,
8C2E,
944E,
944E,
944E,
944F,
946F,
9C8F,
9CB0,
9CB0,
A4D1,
A4F1,
ACF1,
ACF1,
ACF1,
ACF1,
ACF1,
ACF1,
AD11,
AD11,
AD11,
AD11,
AD11,
AD11,
AD11,
AD11,
AD11,
AD11,
A4F1,
A4F1,
A4F1,
A4F1,
A4F1,
A4F0,
A4F0,
A4F0,
A4F1,
A4F1,
A4F1,
A4D0,
9CD0,
9CB0,
9C8F,
948F,
946F,
946F,
946F,
944F,
8C4E,
8C2E,
8C2E,
840E,
840E,
83ED,
7BCD,
7BAD,
738C,
6B2B,
5AC9,
4A68,
39C5,
3164,
2943,
2122,
2102,
18E2,
18C1,
18C1,
18C1,
10C1,
10C1,
10C1,
10A1,
10A1,
10A1,
10A1,
10A1,
10C1,
10C1,
18C1,
18E1,
18E1,
0860,
0860,
0860,
0860,
0840,
0840,
0040,
0020,
0020,
0020,
0040,
0020,
0020,
0020,
0020,
0840,
0040,
0840,
0861,
1081,
1061,
0861,
0861,
1081,
1061,
0861,
0840,
0840,
0840,
0860,
0860,
0840,
0860,
10A1,
18E2,
18E2,
18C1,
18C1,
20E2,
2943,
39A5,
4206,
5267,
62C8,
734A,
8BEC,
9C8E,
ACD0,
B531,
B531,
B531,
B551,
B551,
B551,
B550,
B550,
B550,
B550,
B551,
BD51,
BD71,
BD71,
BD71,
BD71,
BD72,
C592,
C5B3,
CDD4,
CDF4,
CDF5,
D615,
D615,
D615,
D615,
D615,
D615,
D635,
D635,
D635,
D635,
D635,
D635,
CE35,
CE15,
CE15,
CE15,
CE35,
CE15,
CE15,
C615,
C615,
C615,
C5F5,
C5F4,
C5F4,
C5F4,
C5D4,
C5D4,
BDB4,
BDB3,
BD93,
BD93,
B572,
B552,
B552,
B552,
AD31,
AD31,
AD11,
A4F0,
A4D0,
9CB0,
9CAF,
9CAF,
9C8F,
9C8F,
9C8F,
9C8F,
9C8F,
9C8F,
9C8F,
9C8F,
9C8F,
9CAF,
9CB0,
A4D0,
A4F1,
A4F1,
ACF1,
ACF1,
AD11,
AD12,
AD11,
AD11,
AD11,
AD11,
AD11,
AD11,
AD11,
AD11,
AD11,
AD11,
AD11,
AD11,
AD11,
AD11,
A4F1,
A4F1,
A4F1,
A4F1,
A4F1,
A4F0,
A4F0,
A4F0,
A4F0,
A4F0,
A4F0,
A4D0,
9CD0,
9CD0,
9CAF,
9C8F,
948F,
946F,
946F,
944E,
8C2E,
8C2E,
8C2E,
840E,
83ED,
83ED,
7BAD,
7BAC,
736B,
630A,
5AA9,
4A47,
39A5,
2964,
2943,
2923,
2102,
18E2,
18C1,
18C1,
10C1,
10A1,
10A1,
10A1,
10A1,
1081,
10A1,
10A1,
10A1,
10A1,
10C1,
18C1,
18C1,
18C1,
0840,
0840,
0840,
0860,
0860,
0840,
0840,
0040,
0020,
0040,
0840,
0840,
0040,
0840,
0840,
0860,
0840,
0840,
0861,
0861,
0861,
0841,
0861,
1081,
1081,
0861,
0840,
0840,
0840,
0840,
0840,
0040,
0840,
1080,
18C1,
18C1,
18E2,
18E2,
2102,
2943,
39A5,
4205,
5267,
5AA8,
7329,
83CC,
9C6E,
ACCF,
B511,
B531,
B531,
B551,
B551,
B551,
B550,
B550,
B551,
B551,
B551,
BD51,
BD71,
BD71,
BD71,
BD71,
BD72,
BD92,
C593,
C5B3,
CDD4,
CDF4,
CDF5,
D615,
D615,
D615,
CE15,
D615,
D615,
D635,
D635,
D635,
CE15,
CE15,
CE15,
CE15,
CE15,
CE15,
CE15,
CE15,
C615,
C615,
C615,
C5F4,
C5F5,
C5F4,
C5F4,
C5F4,
C5F4,
C5D4,
C5D4,
BDB4,
BDB3,
BD93,
B573,
B572,
B572,
B572,
B552,
B552,
AD32,
AD31,
AD11,
A4F1,
A4F0,
A4F0,
A4D0,
A4D0,
A4D0,
A4D0,
A4D0,
A4D0,
A4D0,
A4D0,
A4D0,
A4D0,
A4F1,
A4F1,
AD11,
AD11,
AD11,
AD12,
AD12,
AD32,
AD12,
AD12,
AD12,
AD12,
AD11,
AD11,
AD11,
AD11,
AD11,
AD11,
AD11,
AD11,
AD11,
AD11,
A4F1,
A4F1,
A4F1,
A4F1,
A4F1,
A4F1,
A4F1,
A4F1,
A4F0,
A4F0,
A4D0,
A4D0,
A4D0,
9CD0,
9CAF,
9C8F,
948F,
946F,
944F,
944E,
8C2E,
8C0E,
8C2E,
840E,
83ED,
83CD,
7BAC,
738C,
6B4B,
62EA,
5288,
4227,
31A5,
2964,
2943,
2943,
2102,
18E2,
18C1,
18C1,
10C1,
10A1,
10A1,
10A1,
10A1,
1081,
10A0,
10A1,
10A1,
10A1,
10C1,
10C1,
18C1,
18C1,
0840,
0840,
0840,
0861,
0861,
0861,
0860,
0840,
0840,
0840,
0840,
0840,
0840,
0840,
0840,
0840,
0840,
0840,
0860,
0861,
0861,
0861,
0861,
1082,
1081,
0861,
0840,
0840,
0840,
0840,
0040,
0040,
0040,
0860,
1080,
10C1,
18E2,
18E2,
2102,
2943,
39A4,
4205,
5267,
5AA8,
6B09,
83AB,
9C6E,
A4CF,
B511,
B531,
B531,
B551,
B551,
B551,
B550,
B550,
B551,
B551,
B550,
B550,
B571,
BD71,
BD71,
BD71,
BD72,
BD72,
BD72,
BD92,
C5B3,
C5D3,
CDD4,
CDF4,
CDF5,
CDF5,
CDF4,
CDF4,
CE14,
D615,
D614,
D615,
CE15,
CE15,
CE15,
CDF5,
CE15,
C5F5,
C615,
C615,
C615,
C615,
C5F4,
C5F4,
C5F5,
C5F5,
C5F5,
C5F4,
C5F5,
C5F4,
C5D4,
C5D4,
C5D4,
BDB4,
BD93,
BD93,
BD93,
BD93,
B573,
B573,
B572,
B552,
AD32,
AD32,
AD31,
AD31,
AD11,
AD11,
AD11,
AD11,
AD11,
AD11,
AD11,
AD11,
AD11,
AD11,
AD11,
AD11,
AD12,
AD32,
AD32,
B532,
B532,
B532,
AD32,
AD12,
AD12,
AD12,
AD11,
AD11,
AD11,
AD11,
AD31,
AD31,
AD11,
AD11,
AD11,
AD11,
AD11,
AD11,
AD11,
AD11,
A511,
A511,
A511,
A4F1,
A4F1,
A4F0,
A4F0,
A4D0,
9CD0,
9CD0,
9CAF,
9C8F,
948F,
946F,
944F,
8C4E,
8C2E,
8C0E,
8C0E,
83ED,
83ED,
83CD,
7BAC,
736C,
6B2B,
62E9,
4A47,
41E6,
3184,
2943,
2943,
2123,
2102,
18E2,
18C2,
18C1,
10C1,
10A1,
10A1,
10A1,
10A1,
10A1,
10A1,
10A1,
10A1,
10A1,
10A1,
18C1,
18C1,
18C1,
0840,
0840,
0840,
0861,
0881,
0881,
0861,
0860,
0860,
0860,
0840,
0840,
0840,
0840,
0840,
0840,
0840,
0840,
0840,
0861,
0861,
0861,
1081,
10A2,
1081,
0861,
0840,
0840,
0840,
0840,
0840,
0840,
0840,
0860,
0860,
10A1,
18E2,
2102,
2123,
2963,
3984,
4205,
5267,
5AA7,
6B09,
838B,
9C4E,
ACCF,
B511,
B531,
B531,
B551,
B551,
B551,
B551,
B551,
B551,
B550,
B550,
B550,
BD51,
BD71,
BD71,
BD71,
BD71,
BD51,
BD52,
BD72,
BD92,
C5B3,
C5B3,
CDD4,
CDF4,
CDF4,
CDF4,
CDF4,
CDF4,
CDF4,
CE14,
CE14,
CE15,
CE15,
CE14,
CDF4,
C614,
C5F4,
C5F4,
C5F4,
C615,
C5F4,
C5F4,
C5F4,
C5F5,
CE15,
CE15,
C5F5,
C5F5,
C5F5,
C5F4,
C5D4,
C5D4,
C5D4,
BDB3,
BD93,
BD93,
BD93,
BD93,
BD93,
BD93,
B573,
B573,
B572,
B552,
B552,
B552,
B552,
B552,
B552,
AD32,
AD32,
AD31,
AD31,
AD31,
AD31,
AD11,
AD32,
AD32,
AD32,
AD32,
AD32,
B532,
AD32,
AD32,
AD32,
AD12,
AD32,
AD31,
AD11,
AD11,
AD31,
AD32,
AD32,
AD32,
AD31,
AD11,
AD11,
AD11,
AD11,
AD11,
AD11,
AD11,
AD11,
A511,
A511,
A511,
A4F1,
A4F0,
A4D0,
9CD0,
9CB0,
9CAF,
9C8F,
948F,
946F,
944F,
8C4E,
8C2E,
8C0E,
8C0E,
83ED,
83ED,
7BCD,
7B8C,
736B,
6B2B,
62E9,
4206,
39C5,
3164,
2923,
2123,
2102,
18E2,
18E2,
18C2,
18C1,
10A1,
10A1,
10A1,
10A1,
10A1,
10A1,
10A1,
10A1,
10A1,
10A1,
10A1,
10C1,
18C1,
18C1,
0840,
0020,
0861,
0861,
0881,
0861,
0861,
10A1,
0881,
0861,
0861,
0840,
0860,
0861,
0840,
0861,
0840,
0840,
0840,
0861,
0861,
0861,
0861,
1081,
1081,
0861,
0840,
0840,
0840,
0840,
0840,
0840,
0840,
0840,
0860,
0860,
10A1,
18E2,
2923,
2943,
3164,
41C5,
5246,
62A8,
6AE9,
83CC,
942D,
ACD0,
B510,
B531,
B531,
B531,
B531,
B551,
B551,
B531,
B551,
B551,
B550,
B551,
BD51,
BD71,
BD71,
BD71,
BD51,
BD51,
BD51,
BD51,
BD51,
BD72,
C593,
C5B3,
C5B3,
CDD3,
CDD4,
CDD4,
CDD4,
CDD4,
C5F4,
CDF4,
CDF4,
C5F4,
C5F4,
C5F4,
C5F4,
C5F4,
C614,
CE14,
C5F5,
C5F5,
C615,
C615,
C615,
C615,
C615,
C615,
C615,
C5F4,
C5F4,
C5F4,
C5F4,
BDD4,
BDD4,
BDB3,
BDB3,
BDB3,
BDB3,
BDB3,
BDB3,
BDB3,
BD93,
BD93,
B572,
B572,
B572,
B552,
B552,
B552,
B552,
AD52,
AD32,
AD32,
AD32,
AD32,
AD32,
AD32,
AD32,
AD52,
AD32,
AD32,
AD32,
AD32,
AD32,
AD32,
AD32,
AD32,
AD32,
AD32,
AD52,
AD52,
AD32,
AD32,
AD31,
AD11,
A511,
A511,
A511,
A511,
AD11,
AD11,
AD11,
AD11,
AD31,
AD31,
AD11,
A4F0,
A4F1,
A4F0,
A4D0,
9CB0,
9C8F,
946F,
944F,
944F,
944E,
8C2E,
8C0E,
8C0D,
840D,
83ED,
83CD,
7BAC,
738B,
6B4A,
6B0A,
5AC9,
4206,
39C5,
2963,
2102,
20E2,
18E2,
18E2,
18C2,
18C2,
10A1,
10A1,
10A1,
10A1,
10A1,
10A1,
1081,
10A1,
10A1,
10A1,
10A1,
10A1,
10C1,
10C1,
10C1,
0861,
0040,
0861,
0840,
1081,
0861,
0860,
1081,
10A2,
1081,
1081,
0861,
0861,
0840,
0000,
0040,
0840,
0840,
0840,
0860,
0861,
0861,
0861,
1081,
1061,
0861,
0840,
0840,
0840,
0840,
0840,
0840,
0840,
0840,
0840,
0840,
0860,
18C1,
2102,
2122,
2943,
39A4,
4A26,
5A87,
6AE9,
83CC,
942D,
ACCF,
ACF0,
B511,
B531,
B531,
B531,
B531,
B531,
B531,
B531,
B531,
B530,
B550,
BD50,
BD51,
BD50,
BD50,
B550,
BD50,
BD51,
B550,
BD31,
BD51,
BD72,
C592,
C593,
C5B3,
C5B3,
C5B3,
C5D3,
C5D3,
C5D3,
C5F4,
C5F3,
C5F3,
C5F3,
C5F3,
C5F4,
C5F4,
C5F4,
C5F4,
C5F4,
C5F4,
C5F5,
C5F5,
C5F5,
C5F5,
C5F4,
C5F4,
C5F4,
C5F4,
C5F4,
C5F4,
C5F4,
C5D4,
BDD4,
BDB3,
BDD4,
BDB3,
BDB3,
BDB3,
BDB3,
BDB3,
BDB3,
BD93,
B593,
B572,
B572,
B572,
B572,
B572,
B572,
B552,
AD52,
AD32,
AD32,
AD32,
AD32,
AD32,
AD32,
AD52,
AD52,
AD52,
AD32,
AD32,
AD52,
AD32,
AD52,
AD32,
AD32,
AD52,
AD52,
AD52,
AD52,
AD32,
AD31,
AD31,
AD11,
AD11,
AD11,
AD11,
AD11,
AD31,
AD31,
AD11,
AD11,
AD11,
A511,
A4F0,
A4F1,
A4F0,
9CD0,
9CB0,
9C8F,
946F,
944E,
944E,
8C2E,
8C0E,
840D,
83ED,
83ED,
83CC,
7BAC,
7B8C,
736B,
6B2A,
62E9,
5AA8,
4206,
39C5,
2963,
2102,
20E2,
18E2,
18C2,
18C2,
10A1,
10A1,
10A1,
10A1,
10A1,
10A1,
10A1,
1081,
10A1,
10A1,
10A1,
10A1,
10A1,
10A1,
10C1,
10C1,
0840,
0840,
0861,
0040,
1081,
0861,
0840,
10A1,
10A2,
10A1,
1081,
0861,
0840,
0040,
0020,
0861,
0840,
0840,
0840,
0840,
0861,
0861,
1061,
0861,
0861,
0861,
0860,
0840,
0840,
0840,
0840,
0840,
0840,
0840,
0840,
0840,
0860,
1080,
18C1,
2102,
2902,
3984,
4A26,
5A67,
62C8,
83AB,
942D,
A4AF,
ACF0,
B511,
B511,
B511,
B511,
B531,
B531,
B530,
B531,
B530,
B530,
B530,
B550,
B550,
B550,
B550,
B530,
B530,
B530,
B530,
B510,
B530,
B531,
BD31,
BD52,
BD72,
C592,
C593,
C5B3,
C5B3,
C5D3,
C5D3,
C5D3,
C5D3,
C5D3,
C5D3,
C5D3,
C5D3,
C5D4,
C5F4,
C5F4,
C5F4,
C5F4,
C5F4,
C5F4,
C5F4,
C5F4,
C5F4,
C5F4,
C5F4,
C5F4,
C5F4,
C5F4,
C5D4,
C5D4,
BDD4,
C5D4,
BDD4,
BDD4,
BDD4,
BDD4,
BDD4,
BDB3,
BDB3,
BD93,
B593,
B572,
B572,
B573,
B573,
B573,
B572,
B552,
B552,
AD52,
AD32,
AD32,
AD32,
AD52,
B552,
B552,
B552,
AD52,
AD32,
AD52,
AD52,
AD52,
AD32,
AD52,
AD52,
AD52,
AD52,
AD52,
AD32,
AD32,
AD31,
AD31,
AD31,
AD31,
AD31,
AD31,
AD31,
AD31,
AD31,
AD11,
AD11,
A511,
A4F1,
A4F0,
A4F0,
9CB0,
9CB0,
948F,
946F,
944E,
8C2E,
8C2E,
8C0D,
83ED,
83ED,
83CD,
7BAC,
7BAC,
738B,
6B4A,
6309,
5AC9,
5267,
41E5,
39A5,
2964,
2123,
2102,
18E2,
18C2,
18C2,
10A1,
10A1,
1081,
1081,
10A1,
10A1,
10A1,
1081,
10A1,
10A1,
10A1,
10A1,
10A1,
10A1,
10C1,
10C1,
0840,
0040,
0860,
1081,
2985,
2965,
18C2,
10A2,
10A2,
1081,
1081,
0840,
0860,
0861,
0020,
0020,
0840,
0860,
0861,
0860,
0861,
0861,
0861,
0861,
0861,
0861,
0860,
0840,
0840,
0840,
0840,
0840,
0840,
0840,
0840,
0861,
0860,
1080,
10A1,
18C1,
2922,
39A4,
4A26,
5246,
5A87,
838B,
942D,
A4AF,
ACF0,
B511,
B511,
B511,
B511,
B511,
B530,
B510,
B530,
B530,
B530,
B530,
B530,
B530,
B530,
B530,
B530,
B530,
B510,
B510,
ACF0,
ACF0,
ACF0,
ACF0,
B511,
B531,
BD52,
BD72,
BD92,
C593,
C5B3,
C5B3,
C5D3,
BDD3,
C5D3,
C5D3,
C5D3,
C5D3,
C5D4,
C5D4,
C5D4,
C5D4,
C5D4,
C5D4,
C5D4,
C5F4,
C5F4,
C5F4,
C5F4,
C5F4,
C5F4,
C5F4,
C5F4,
C5F4,
C5D4,
C5D4,
C5D4,
C5D4,
C5D4,
C5D4,
C5D4,
BDD4,
BDD4,
BDB3,
BDB3,
BD93,
B593,
B593,
B593,
B593,
B593,
B573,
B573,
B553,
B552,
B552,
B552,
B552,
B552,
B552,
B553,
B552,
AD52,
AD32,
AD32,
AD52,
AD52,
AD52,
AD52,
AD52,
AD52,
AD52,
AD52,
AD52,
AD32,
AD32,
AD32,
AD32,
AD31,
AD31,
AD31,
AD31,
AD31,
AD11,
A511,
A511,
A4F1,
A4D0,
A4D0,
9CD0,
9CB0,
9C8F,
946F,
944F,
8C4E,
8C2E,
8C2E,
8C0D,
83ED,
83ED,
7BCC,
7BAC,
738B,
734B,
6309,
5AC8,
5288,
4A26,
39C5,
3184,
2963,
2923,
2102,
18E2,
18C2,
18C2,
10A1,
10A1,
1081,
1081,
10A1,
10A1,
10A1,
1081,
1081,
1081,
1081,
10A1,
10A1,
10A1,
10A1,
10A1,
0861,
0020,
0040,
18E3,
4A68,
4A69,
2944,
10A2,
0860,
0860,
0861,
10A2,
2944,
31A5,
18E2,
0020,
0020,
0840,
0861,
0861,
0861,
0861,
0861,
0861,
0861,
0860,
0860,
0840,
0840,
0840,
0840,
0840,
0840,
0840,
0840,
0861,
0860,
0860,
1080,
18C1,
2922,
39A4,
4A06,
5246,
5A87,
83AB,
944D,
A4CF,
ACF0,
B510,
B511,
B511,
B511,
B530,
B530,
B510,
B530,
B530,
B530,
B530,
B530,
B530,
B530,
B530,
B510,
B510,
AD0F,
ACEF,
ACCF,
ACCF,
ACCF,
ACCF,
ACD0,
ACF0,
B511,
BD52,
BD72,
BD92,
BD93,
BDB2,
C5B3,
BDD3,
C5D3,
C5D3,
C5D3,
C5D3,
C5D4,
C5D4,
BDD4,
BDD4,
C5D4,
C5D4,
C5D4,
C5D4,
C5F4,
C5F4,
C5F5,
C5F5,
C5F5,
C5F5,
C5F4,
C5F4,
C5D4,
C5D4,
C5D4,
C5D4,
C5D4,
C5D4,
C5D4,
BDD4,
BDD4,
BDB4,
BDB3,
BDB3,
BD93,
BD93,
BD93,
BD93,
BD93,
B593,
B573,
B573,
B573,
B552,
B552,
B552,
B553,
B553,
B553,
B552,
AD32,
AD32,
AD32,
AD32,
AD32,
AD32,
AD32,
AD32,
AD52,
AD52,
AD52,
AD52,
AD32,
AD32,
AD32,
AD32,
AD32,
AD32,
AD31,
AD31,
AD11,
A511,
A4F0,
A4F0,
A4D0,
9CD0,
9CB0,
9CB0,
9C90,
946F,
946F,
944E,
8C2E,
8C2E,
8C0E,
8C0E,
840D,
83ED,
7BCC,
738B,
734B,
6B2A,
62C9,
5288,
4A26,
39C5,
3184,
3164,
2943,
2923,
2102,
2102,
18E2,
18C2,
10A2,
10A1,
10A1,
10A1,
10A1,
10A1,
10A1,
1081,
1081,
1081,
1081,
1081,
10A1,
10A1,
10A1,
10A1,
0861,
0020,
0040,
1081,
3185,
31A5,
18E3,
0881,
0840,
0040,
0840,
18C2,
39C6,
4228,
2944,
0860,
0040,
0040,
0840,
0861,
0861,
0860,
0861,
0861,
0860,
0861,
0861,
0861,
0861,
0861,
0861,
0861,
0861,
0841,
0840,
0840,
0840,
0860,
1080,
18C1,
2102,
3183,
4A05,
5266,
62C8,
83AB,
944D,
A4CF,
ACF0,
B510,
B510,
B510,
B510,
B510,
B510,
B510,
B510,
B510,
B510,
B530,
B530,
B510,
B510,
B510,
AD0F,
ACEF,
ACEF,
ACCF,
A4AF,
A4AF,
A4AF,
A4AF,
A48F,
A4AF,
ACF0,
B511,
B531,
BD52,
BD72,
BD72,
BD92,
BDB2,
BDB3,
BDB3,
BDB3,
BDD3,
BDB4,
C5D4,
BDD4,
BDD4,
BDD4,
BDD4,
C5D4,
C5D4,
C5F4,
C5F4,
C5F4,
C5F4,
C5F4,
C5F4,
C5F4,
C5F4,
C5D4,
C5D4,
C5D4,
BDD4,
BDD4,
BDD4,
BDD4,
BDD4,
BDD4,
BDB4,
BDB3,
BDB3,
BD93,
BD93,
BDB3,
BDB3,
BD93,
B593,
B573,
B573,
B573,
B553,
B553,
B553,
B573,
B573,
B573,
B552,
AD52,
AD32,
AD32,
AD32,
AD32,
AD32,
AD32,
AD32,
AD32,
AD32,
AD32,
AD32,
AD32,
AD32,
AD31,
AD31,
AD31,
AD32,
AD31,
AD11,
A511,
A4F0,
A4D0,
A4D0,
9CB0,
9C8F,
948F,
948F,
946F,
944F,
944E,
8C4E,
8C2E,
8C0E,
8C0E,
8C0E,
840D,
83ED,
7BAC,
736B,
6B2A,
62E9,
5A88,
4A47,
4205,
3184,
3164,
2943,
2923,
2122,
2103,
2102,
18E2,
18C2,
18C2,
10A2,
10A2,
10A1,
10A2,
10A2,
10A1,
10A1,
1081,
1081,
1081,
1081,
10A1,
10A1,
10A1,
10A1,
0840,
0040,
0860,
0020,
0861,
0860,
0840,
0861,
0881,
0840,
0840,
0861,
18E3,
2124,
10A1,
0040,
1081,
0840,
0040,
0860,
0861,
0860,
0840,
0861,
1061,
1081,
1081,
1081,
1081,
0861,
0861,
0861,
0841,
0861,
0840,
0840,
0840,
0860,
1080,
1080,
20E1,
3163,
4A25,
5AA8,
7329,
8BEC,
9C4E,
A4AF,
ACF0,
ACF0,
AD10,
ACF0,
ACF0,
AD10,
AD10,
ACF0,
ACF0,
ACEF,
AD0F,
AD0F,
AD0F,
ACEF,
ACEF,
ACCF,
ACCF,
A4AE,
A4AE,
A48E,
A48E,
9C8E,
A46E,
9C6E,
9C6E,
9C6E,
A48F,
A4AF,
ACF0,
AD10,
B531,
B551,
B552,
B572,
B592,
BD92,
BD93,
BDB3,
BDB3,
BDB3,
BDB4,
BDB4,
BDB4,
BDD4,
BDD4,
C5D4,
C5D4,
C5D4,
C5F4,
C5F4,
C5F4,
C5F4,
C5F4,
C5D4,
C5D4,
C5D4,
BDD4,
BDD4,
BDD4,
BDD4,
BDD4,
BDD4,
BDB4,
BDB4,
BDB3,
BDB3,
BD93,
BD93,
BDB3,
BD93,
BD93,
B593,
B573,
B573,
B573,
B573,
B573,
B573,
B573,
B573,
B573,
B553,
AD52,
AD32,
AD32,
AD32,
AD32,
AD32,
AD32,
AD32,
AD31,
AD31,
AD31,
AD31,
AD31,
AD31,
AD31,
AD31,
AD31,
AD31,
AD31,
AD11,
A4F0,
A4F0,
9CD0,
9CB0,
9C8F,
946F,
946F,
946F,
944F,
8C2E,
8C2E,
8C2E,
8C2E,
8C0D,
840D,
840D,
83ED,
7BCC,
736B,
6B2A,
62E9,
5AA8,
5267,
4A26,
41E5,
3184,
2943,
2943,
2123,
2102,
2102,
18E2,
18E2,
18E2,
18E2,
18C2,
10C2,
10A2,
10C2,
10C2,
10A1,
10A1,
10A1,
1081,
1081,
1081,
1081,
10A1,
10A1,
10A1,
0860,
0860,
1081,
0860,
0861,
0860,
0840,
0861,
0840,
0840,
0861,
0861,
0860,
0840,
0840,
10A2,
18C2,
0861,
0840,
0861,
0861,
0860,
0840,
0860,
1081,
10A2,
18A2,
10A2,
1081,
0861,
0840,
0840,
0840,
0861,
0861,
0860,
0860,
1081,
1080,
1060,
2101,
3983,
5266,
6B29,
7B8B,
944D,
9C6E,
A4CF,
ACD0,
ACF0,
ACF0,
ACF0,
ACEF,
ACEF,
ACEF,
ACEF,
ACEF,
ACEF,
ACEF,
ACEF,
ACEF,
ACCF,
ACCF,
A4AF,
A48E,
A48E,
9C6D,
9C6D,
9C4D,
9C4D,
9C4E,
9C4D,
9C4D,
9C4E,
9C4E,
9C6E,
A48F,
A4AF,
ACF0,
AD11,
AD31,
AD51,
B551,
B572,
B592,
BD93,
BD93,
BDB3,
BDB4,
BDB4,
BDB4,
BDB4,
BDD4,
BDD4,
C5D4,
C5D4,
C5F4,
C5F4,
C5F4,
C5F4,
C5F4,
C5D4,
C5D4,
BDD4,
BDD4,
BDD4,
BDD4,
BDD4,
BDD4,
BDD4,
BDB4,
BDB4,
BDB3,
BD93,
BD93,
BD93,
BDB3,
BD93,
B593,
B593,
B573,
B573,
B573,
B573,
B573,
B573,
B573,
B573,
B573,
B553,
B552,
AD32,
AD32,
AD32,
AD32,
AD12,
AD12,
AD12,
AD31,
AD31,
AD31,
AD31,
AD31,
AD31,
AD31,
AD31,
AD31,
AD31,
AD31,
AD11,
A4F0,
A4F0,
9CD0,
9CB0,
948F,
946E,
944E,
944E,
8C2E,
8C2E,
8C2E,
8C2E,
8C2E,
840D,
840D,
83ED,
7BCC,
7BAC,
736B,
6B2A,
62C9,
5A88,
4A67,
4A26,
41E5,
3184,
2943,
2923,
2122,
2102,
2102,
18E2,
18E2,
18E2,
18E2,
18C2,
18C2,
10C2,
10C2,
10C2,
10A2,
10A1,
10A1,
10A1,
10A1,
1081,
1081,
1081,
10A1,
10A1,
0020,
0861,
10A2,
10A2,
0881,
0840,
0040,
0860,
0860,
0840,
0861,
0840,
1081,
0861,
0020,
2124,
4A68,
2944,
0861,
0860,
0861,
0861,
0840,
0840,
0860,
1081,
1081,
1061,
0861,
1061,
1061,
0861,
0840,
0040,
0040,
0860,
0860,
1060,
1080,
20E1,
3163,
4A25,
6AE9,
7BAB,
8C0C,
944E,
A48F,
A4AF,
ACCF,
ACCF,
ACCF,
ACCF,
ACEF,
ACEF,
ACEF,
ACEF,
ACEF,
ACEF,
ACEF,
ACCF,
ACCF,
A4AF,
A48E,
9C6D,
9C4D,
9C4D,
9C4D,
942D,
942D,
944D,
942D,
942D,
942D,
942D,
942D,
942D,
942E,
9C4E,
9C8F,
A4F0,
ACF0,
AD31,
B551,
B552,
B572,
B572,
B573,
BD93,
BD93,
BD93,
BD94,
BDB4,
BDB4,
BDB4,
BDD4,
BDD4,
C5D4,
C5D4,
C5D4,
C5D4,
C5D4,
C5D4,
BDD4,
BDD4,
BDD4,
BDD4,
BDD4,
BDD4,
BDB4,
BDB4,
BDB4,
BDB4,
BDB3,
BD93,
B593,
B593,
BD93,
BD93,
BD93,
B593,
B573,
B572,
B552,
B552,
B552,
B552,
B553,
B553,
B573,
B552,
AD52,
AD32,
AD32,
AD32,
AD11,
A511,
AD11,
A511,
A511,
AD11,
AD11,
AD11,
AD11,
AD11,
AD11,
AD11,
A511,
A511,
A511,
A4F0,
A4D0,
9CAF,
9CAF,
948F,
946E,
944E,
8C2E,
8C2E,
8C2E,
8C2E,
8C0E,
8C0D,
840D,
83ED,
83CD,
7BCC,
7BAC,
738B,
6B4A,
6B0A,
62C9,
5AA8,
5288,
5247,
4206,
39C5,
3184,
2963,
2923,
2102,
20E2,
18E2,
18E2,
18E2,
18E2,
18C2,
18C2,
10C2,
18C2,
10C2,
10A1,
10A1,
10A1,
10A1,
10A1,
1081,
1081,
1081,
0881,
0881,
0020,
0840,
0881,
0881,
0861,
0040,
0040,
0840,
0860,
0840,
0861,
0840,
0881,
0861,
0020,
18E3,
4A69,
2985,
1081,
0040,
0020,
0020,
0840,
0840,
0840,
0840,
0860,
0860,
1081,
10A1,
1081,
1061,
0861,
0840,
0840,
0840,
1060,
1080,
20C1,
3142,
4A05,
5AA8,
7B8B,
8C0C,
942D,
9C6E,
A48F,
A4AF,
ACCF,
ACCF,
ACCF,
ACCF,
ACCF,
ACCF,
ACCF,
ACCF,
ACEF,
ACEF,
ACCF,
ACCF,
A4AF,
A4AE,
9C6E,
9C4D,
942C,
942C,
940C,
940C,
940C,
940C,
940C,
940C,
942D,
940D,
940D,
940C,
8BEC,
8C0D,
944E,
9C8E,
9CAF,
A4F0,
AD11,
AD31,
B552,
B572,
B573,
BD93,
B593,
BD93,
BD93,
BD94,
BDB3,
BDB3,
BDB4,
BDD4,
BDD4,
BDD4,
BDD4,
BDD4,
BDD4,
BDD4,
BDD4,
BDD4,
BDD4,
BDD4,
BDD4,
BDB4,
BDB4,
BDB4,
BDB4,
BDB4,
BDB3,
BD93,
B593,
B593,
BD93,
BD93,
B593,
B573,
B572,
B552,
B552,
B552,
B552,
B552,
B552,
B552,
B552,
AD52,
AD32,
AD32,
AD12,
AD11,
A511,
A4F1,
A4F1,
A4F1,
A4F1,
A4F1,
A4F1,
A4F0,
A4F0,
A4F0,
A4F1,
A4F1,
A4F0,
A4F0,
A4F0,
A4D0,
9CAF,
9C8F,
946E,
946E,
944E,
8C4E,
8C2E,
8C2E,
8C0E,
8C0E,
840D,
83ED,
83EC,
83CC,
7BAC,
7B8C,
738B,
736B,
6B4A,
6B0A,
62C9,
5AA8,
5A88,
5267,
4A26,
41E5,
39A4,
3184,
2943,
2123,
2102,
18E2,
18C2,
18C2,
18E2,
18C2,
18C2,
18C2,
18C2,
18C2,
10A1,
10A1,
10A1,
10A1,
10A1,
1081,
1081,
1081,
0881,
0881,
0040,
0040,
0040,
0840,
0840,
0040,
0040,
0040,
0860,
0040,
0861,
0840,
0860,
0861,
0020,
10A1,
18E3,
1081,
0860,
0840,
0860,
0861,
0861,
0840,
0840,
0840,
0840,
0861,
10A2,
18E2,
18C2,
1081,
0860,
0860,
0840,
0860,
1080,
18C1,
2942,
41E5,
5AA8,
734A,
8BEC,
944D,
9C6E,
9C6E,
A48F,
A4AF,
A4AF,
A4AF,
A4AF,
A4CF,
A4CF,
ACCF,
ACCF,
ACCF,
ACEF,
ACEF,
ACCF,
ACCF,
A4AE,
A48E,
9C6E,
942D,
940C,
8BEC,
8BEC,
8BEB,
8BEC,
8BEC,
8BEC,
93EC,
940C,
8BEC,
8BCC,
83AB,
83AB,
83AB,
8BEC,
8C2D,
944E,
9CAF,
A4D0,
A4F1,
AD32,
B552,
B553,
B573,
B573,
B573,
B573,
B593,
B593,
BD93,
BDB3,
BDB4,
BDB4,
BDB4,
BDB4,
BDB4,
BDB4,
BDB4,
BDB4,
BDB4,
BDB4,
BDB4,
BDB4,
BDB4,
BDB4,
BDB3,
BDB3,
BDB3,
BD93,
BD93,
B593,
B593,
B593,
B573,
B572,
B552,
B552,
B552,
B552,
B552,
B552,
B552,
B552,
B552,
B552,
AD52,
AD31,
AD31,
AD11,
AD11,
A4F1,
A4F0,
A4F0,
A4F0,
A4D0,
A4D0,
A4F0,
A4F0,
A4D0,
A4D0,
A4D0,
A4D0,
9CD0,
9CD0,
9CD0,
9CAF,
9C8F,
946E,
944E,
944E,
8C4E,
8C2D,
8C2D,
8C2D,
8C0D,
840D,
83ED,
83CC,
83CC,
7BAB,
7BAB,
738B,
736A,
6B4A,
6B0A,
62E9,
62C9,
5AA8,
5AA8,
5267,
4A26,
4206,
39C5,
39A4,
3184,
2943,
2102,
2102,
18E2,
18C1,
18C2,
18C2,
18C1,
18C1,
18C1,
18C1,
18C1,
10C1,
10A1,
10A1,
10A1,
1081,
1081,
1081,
0881,
0881,
0040,
0040,
0040,
0040,
0040,
0840,
0840,
0840,
0860,
0040,
0861,
0840,
0840,
0861,
0840,
0860,
0840,
0020,
0840,
0861,
0860,
0840,
0840,
0840,
0860,
0840,
0840,
1061,
18A2,
18E2,
18C2,
1081,
0860,
0860,
0860,
1080,
18A1,
2902,
41C4,
5A87,
734A,
83AB,
8C0D,
9C4E,
9C6E,
9C8E,
A48F,
A48F,
A4AF,
A4AE,
A4AE,
A4AE,
A4AE,
A4CE,
ACCE,
ACCF,
ACEF,
ACEF,
ACEF,
ACCF,
A4CF,
A48E,
9C6E,
942D,
8C0C,
8BEB,
8BCB,
8BCB,
8BCB,
8BCB,
8BCB,
8BEC,
8BEC,
8BCC,
83AB,
838B,
7B6B,
7B6B,
83AB,
83CC,
8C0D,
946E,
9C8F,
A4D0,
AD11,
AD32,
AD32,
B552,
B552,
B553,
B573,
B573,
B573,
B593,
BD93,
BD93,
BDB4,
BDB4,
BDB3,
BDB3,
BD93,
BDB3,
BDB3,
BDB3,
BDB3,
BD93,
BD93,
BD93,
BD93,
BD93,
B593,
B593,
B593,
B593,
B593,
B593,
B573,
B572,
B552,
AD32,
AD32,
AD52,
AD52,
AD52,
B552,
B552,
B552,
AD52,
AD32,
AD31,
AD11,
AD11,
A511,
A511,
A4F0,
A4F0,
9CD0,
9CD0,
9CD0,
9CD0,
9CD0,
9CAF,
9CAF,
9CAF,
9CAF,
9CAF,
9CAF,
9CAF,
9CAF,
948E,
946E,
944E,
8C2D,
8C2D,
8C2D,
8C2D,
8C0D,
840D,
83ED,
83EC,
83CC,
83CC,
7BAB,
7B8B,
736A,
734A,
6B2A,
6B29,
62E9,
62C9,
5AC8,
5AA8,
5AA8,
5287,
4A47,
4A06,
41E5,
39C5,
31A4,
3163,
2943,
2102,
20E2,
18E2,
18C2,
18C2,
18C1,
18C1,
18C1,
18C1,
18C1,
10A1,
10A1,
10A1,
10A1,
1081,
0881,
0881,
0880,
0880,
0040,
0840,
0840,
0840,
0840,
0840,
0840,
0840,
0860,
0040,
0861,
0860,
0840,
0861,
0860,
0840,
0840,
0840,
1081,
18E2,
10A2,
0860,
0820,
0840,
0840,
0840,
0860,
1061,
1081,
10A2,
1081,
0840,
1081,
1081,
1080,
10A0,
20E1,
3183,
5266,
6B29,
83CC,
8BEC,
942D,
9C4E,
9C6E,
9C6E,
9C6E,
9C6E,
A48E,
A48E,
A48E,
A4AE,
A4AE,
A4CE,
A4CE,
ACCE,
ACEF,
ACEF,
ACEF,
ACCF,
A4CF,
A4AE,
9C6E,
942D,
8BEC,
8BCB,
83AB,
83AB,
83AB,
83AB,
8BCB,
8BCB,
8BEC,
8BCB,
83AB,
838B,
7B6A,
7B6A,
7B6B,
7BAB,
83CC,
8C0D,
944E,
9C8F,
A4D0,
AD11,
AD11,
AD12,
AD32,
AD32,
B552,
B553,
B573,
B573,
B593,
BD93,
BD93,
BD93,
BD93,
B593,
B593,
B593,
BD93,
BD93,
B593,
B573,
B573,
B573,
B573,
B573,
B573,
B573,
B573,
B573,
B593,
B573,
B572,
B552,
AD32,
AD31,
AD11,
AD31,
AD31,
AD31,
AD32,
AD32,
AD32,
AD31,
AD11,
A511,
A4F0,
A4F0,
A4F0,
A4F0,
A4D0,
9CCF,
9CAF,
9CAF,
9C8F,
9C8F,
9C8F,
9C8F,
948E,
948E,
948E,
948E,
946E,
946E,
946E,
946E,
8C4D,
8C2D,
8C0D,
8C0D,
840C,
840C,
83EC,
83CC,
7BAC,
7BAB,
7B8B,
738A,
736A,
6B49,
6B29,
6B09,
62E8,
62C8,
62C8,
5AA8,
5AA8,
5A88,
5A87,
5267,
5246,
4A26,
4205,
41E5,
39C5,
3984,
3163,
2923,
2102,
20E2,
18C2,
18C1,
18C1,
18C1,
18C1,
18C1,
18C1,
10A1,
10A1,
10A1,
10A1,
1081,
0881,
0880,
0860,
0860,
0040,
0840,
0840,
0840,
0840,
0040,
0840,
0840,
0860,
0840,
0840,
0860,
0840,
0860,
0861,
0840,
0040,
0040,
10A1,
2103,
18E2,
0881,
0840,
0840,
0840,
0840,
0860,
0861,
1081,
1081,
1061,
0860,
1081,
10A1,
18A1,
18C1,
2943,
41E5,
62C8,
7B8B,
8BEC,
8C0C,
940D,
942D,
9C6E,
9C6E,
9C6E,
9C6E,
A48E,
A48E,
A48E,
A48E,
A4AE,
A4AE,
A4CE,
A4CE,
ACEF,
ACEF,
ACCF,
ACCF,
A4AF,
A48E,
9C4E,
942D,
8BEC,
83AB,
838A,
838A,
838A,
838A,
83AB,
8BCB,
8BEC,
8BCB,
83AB,
838B,
7B6B,
7B4A,
734A,
734A,
7B8B,
83CC,
8C0D,
944E,
9C8F,
A4D0,
A4D1,
A4F1,
A511,
AD11,
AD32,
AD52,
B552,
B573,
B573,
B573,
B573,
B573,
B573,
B573,
B573,
B573,
B573,
B593,
B573,
B573,
B573,
B573,
B573,
B573,
B573,
B573,
B573,
B573,
B573,
B572,
B552,
AD32,
AD31,
AD11,
AD11,
AD31,
AD31,
A511,
A511,
AD11,
A511,
A4F1,
A4F0,
A4D0,
9CD0,
9CD0,
9CD0,
9CAF,
9CAF,
9CAF,
9C8F,
948E,
948E,
946E,
946E,
946E,
946E,
946D,
946E,
944E,
944E,
944E,
944E,
8C4D,
8C2D,
840C,
83EC,
83EC,
83EC,
83CC,
7BCC,
7BAB,
738B,
736A,
7349,
6B29,
6B09,
62E8,
62C8,
5AC7,
5AA7,
5A87,
5A87,
5A87,
5287,
5287,
5267,
5267,
5246,
4A26,
4A06,
4205,
41E5,
39A4,
3184,
3143,
2923,
2102,
20E2,
18C2,
18C1,
18C1,
18C1,
18C1,
18A1,
10A1,
10C1,
10A1,
10A1,
0881,
0880,
0860,
0860,
0860,
0040,
0840,
0840,
0840,
0840,
0840,
0840,
0840,
0860,
0840,
0840,
0840,
0840,
0840,
0860,
0840,
1081,
0860,
0861,
0881,
0860,
0840,
0840,
0861,
0840,
0860,
0861,
0861,
1081,
1081,
10A1,
10A1,
10A1,
18E2,
2102,
3163,
41E5,
5A87,
734A,
83EC,
8BEC,
8C0C,
940C,
942D,
9C4E,
9C6E,
9C6E,
9C6E,
9C6E,
9C6D,
9C6D,
9C6D,
A48D,
A4AE,
A4AE,
A4CE,
ACCE,
ACCF,
ACCF,
A4AE,
A4AE,
9C8E,
9C4D,
940D,
8BCB,
838B,
7B6A,
7B6A,
7B6A,
7B6A,
838A,
8BCB,
8BCC,
8BCB,
83AB,
838B,
7B6B,
734A,
732A,
732A,
734A,
7B8B,
7BAC,
83EC,
8C2E,
946F,
9C8F,
9CB0,
9CB0,
A4D1,
A4F1,
AD11,
AD32,
AD32,
AD52,
AD52,
AD52,
AD52,
AD52,
B552,
B552,
B553,
B573,
B573,
B573,
B573,
B553,
B553,
B553,
B553,
B553,
B552,
B553,
B553,
B553,
B552,
AD32,
AD12,
AD11,
A511,
A511,
A511,
A511,
A4F0,
A4D0,
A4D0,
9CD0,
9CAF,
9C8F,
9C8F,
948E,
948E,
948E,
948E,
946E,
946E,
946E,
946D,
944D,
8C4D,
8C4D,
8C4D,
8C2D,
8C2D,
8C2D,
8C2D,
8C2D,
8C2D,
8C2D,
840C,
83EC,
83CB,
7BAB,
7BAB,
7BAB,
7B8B,
738B,
736A,
6B4A,
6B29,
6308,
62E8,
62C7,
62A7,
5AA7,
5A87,
5A86,
5A66,
5266,
5266,
5266,
5266,
5267,
5246,
4A26,
4A26,
4A06,
4A05,
41E5,
41C5,
39A4,
3164,
2943,
2923,
2102,
20E2,
18C2,
18C1,
18C1,
18A1,
18A1,
10A1,
10A1,
10A1,
1081,
0881,
0880,
0860,
0860,
0860,
0840,
0840,
0040,
0040,
0840,
0860,
0860,
0840,
0860,
0861,
0040,
0840,
0860,
0040,
0840,
0861,
0840,
0840,
0861,
0861,
0840,
0860,
0840,
0020,
0861,
0860,
0860,
0860,
1081,
10A1,
18C2,
18E2,
18E1,
2922,
3184,
4205,
5AA8,
6B2A,
7BAB,
8C0D,
940D,
942D,
942D,
9C4D,
9C4E,
9C4E,
9C4E,
9C4E,
9C6E,
9C6D,
9C6D,
9C6D,
9C8D,
A48E,
A4AE,
A4AE,
ACCF,
ACCF,
ACCF,
A4AE,
A48E,
9C6E,
942D,
940C,
8BCB,
838A,
7B6A,
7B69,
7B6A,
7B6A,
838B,
8BCB,
8BCB,
83AB,
83AB,
83AB,
7B6B,
734A,
7329,
6B09,
6B29,
734A,
736A,
7B8B,
83CD,
8C0E,
8C2E,
944E,
946F,
9C90,
9CD0,
A4F1,
A4F1,
A511,
AD11,
AD11,
AD32,
AD32,
AD32,
AD32,
AD32,
AD52,
B552,
B552,
B552,
B552,
B552,
B552,
B552,
B552,
B552,
AD52,
B552,
B552,
B552,
AD32,
AD32,
AD11,
A511,
A4F1,
A4D0,
A4F0,
A4D0,
9CAF,
9C8F,
9C8F,
946F,
944E,
944E,
8C4E,
8C2D,
8C2D,
8C4D,
8C4D,
8C2D,
8C2D,
8C2D,
8C2D,
8C0C,
840C,
840C,
840C,
83EC,
83EC,
83EC,
83EC,
83EC,
83EC,
83EC,
83CB,
7BAB,
7B8A,
736A,
736A,
736A,
734A,
6B29,
6B29,
62E8,
62E8,
62C7,
62A7,
5A87,
5A86,
5A66,
5A66,
5266,
5266,
5246,
5246,
5246,
5246,
5246,
4A26,
4A26,
4A05,
4A05,
4A05,
41E5,
41E5,
39C5,
3984,
3164,
3143,
2923,
2102,
20E2,
18C1,
18C1,
18A1,
10A1,
1080,
10A1,
1081,
0881,
0880,
0860,
0860,
0860,
0860,
0020,
0020,
0040,
0040,
0040,
0040,
0040,
0060,
0060,
0860,
0860,
0860,
0840,
0840,
0840,
0840,
0840,
0020,
0861,
0881,
0820,
0840,
1081,
0861,
0840,
1081,
1081,
0860,
1080,
10A1,
18C1,
2102,
2101,
3162,
4205,
5AA7,
6B29,
7B8B,
8BEC,
8C0C,
942D,
942D,
9C2D,
9C4D,
9C4D,
9C4D,
9C2D,
9C4D,
9C4D,
9C4D,
9C4D,
9C6E,
9C6E,
9C8E,
A48E,
A4AF,
A4AF,
A4AF,
A4AF,
A48E,
9C8E,
9C6E,
942D,
8C0C,
83CB,
838B,
7B6A,
7B6A,
7B6A,
7B6A,
838A,
83AB,
83AB,
83AC,
83CC,
83AB,
838B,
734A,
6B09,
62E8,
62E9,
62E9,
6B09,
6B2A,
736B,
7BAB,
83CC,
840D,
8C2D,
8C4E,
946F,
9C8F,
9CD0,
A4D0,
A4D0,
AD11,
A4F1,
A4F1,
AD11,
AD12,
AD32,
AD32,
AD32,
AD32,
AD32,
AD32,
B552,
B552,
B552,
B552,
B552,
B552,
B552,
B552,
AD52,
AD32,
AD12,
A511,
A4F1,
A4F1,
A4F1,
9CB0,
9C8F,
946E,
944E,
8C4E,
8C2D,
8C0D,
83ED,
83ED,
83ED,
83ED,
83EC,
83EC,
83EC,
83EC,
83EC,
83EC,
83EB,
7BCB,
7BCB,
7BCB,
7BCB,
7BCB,
7BCB,
7BCB,
7BCB,
7BAB,
7BAB,
7B8B,
736A,
734A,
6B49,
6B29,
6B29,
6B08,
62E8,
62E8,
62C8,
62C7,
5A86,
5A86,
5A86,
5A66,
5A66,
5266,
5246,
5246,
5226,
5225,
4A26,
4A26,
4A05,
4A05,
4A05,
4A05,
4205,
4205,
41E5,
41E5,
41C5,
39A4,
3984,
3163,
2963,
2943,
2122,
2102,
20E2,
18C1,
18A1,
10A0,
1080,
1080,
0860,
0860,
0860,
0860,
0860,
0860,
0020,
0020,
0040,
0040,
0040,
0040,
0040,
0040,
0040,
0060,
0060,
0860,
0840,
0840,
0840,
0040,
0840,
0840,
0860,
0040,
0820,
18C2,
20E3,
1061,
1061,
1081,
0860,
1080,
18A1,
18C1,
20E1,
2102,
3162,
41E4,
5286,
6B09,
7B6A,
83CC,
8BEC,
8C0C,
942D,
942D,
942D,
9C2D,
9C2D,
9C2D,
9C2D,
9C2D,
942D,
944D,
9C4D,
9C6E,
9C6E,
9C8E,
A48E,
A4AF,
A4AF,
A4AF,
A48F,
9C8E,
9C6E,
9C4E,
942D,
8C0C,
83AB,
838A,
7B6A,
7B4A,
7B4A,
7B6A,
7B6A,
838B,
838B,
83AB,
83AB,
83AB,
7B8B,
734A,
6B09,
62C8,
5AA8,
5AA8,
5AC8,
62E9,
6B09,
6B4A,
736B,
7BAB,
7BCC,
840D,
8C2D,
8C4E,
946F,
9C8F,
9C8F,
9CB0,
9CB0,
A4D0,
A4D0,
A4F1,
A4F1,
AD11,
AD12,
AD32,
AD32,
AD32,
AD32,
B552,
B552,
B552,
B552,
B552,
AD52,
AD32,
AD32,
AD31,
A511,
A4F1,
A4D1,
A4D0,
9CB0,
9C8F,
946E,
8C2E,
8C2D,
8C0D,
83EC,
83EC,
83CC,
83CC,
7BCC,
7BCC,
7BCC,
7BAB,
7BAB,
7BAB,
7BAB,
7BAB,
7BAA,
7B8A,
7B8A,
738A,
738A,
738A,
7B8B,
738A,
738A,
738A,
736A,
734A,
6B29,
6B29,
6B08,
62E8,
62E8,
62C7,
62C7,
5AA7,
5AA7,
5AA7,
5A86,
5A86,
5A66,
5266,
5266,
5246,
5246,
5245,
5225,
4A25,
4A05,
4A05,
4A05,
4A05,
49E5,
41E5,
41E5,
41E5,
41E5,
41E5,
41E5,
41C5,
39A4,
39A4,
3184,
3163,
2943,
2923,
2102,
2102,
18C1,
18C1,
10A1,
1080,
1080,
0860,
0860,
0860,
0840,
0840,
0020,
0020,
0040,
0040,
0040,
0040,
0040,
0040,
0040,
0040,
0040,
0060,
0860,
0860,
0840,
0040,
0040,
0840,
0840,
0020,
0840,
18E3,
2103,
1081,
1081,
1060,
1080,
18A1,
2102,
2943,
2943,
3183,
4205,
5266,
6B09,
738A,
83CB,
83EC,
8BEC,
8BEC,
942D,
942D,
940D,
940D,
942D,
942D,
942D,
942D,
942D,
942D,
944D,
944D,
9C4E,
9C6E,
9C8E,
9C8E,
A48E,
A48E,
9C8E,
9C6E,
9C4E,
944D,
940D,
8BEC,
83AB,
838A,
7B6A,
7B49,
7B49,
7B4A,
7B4A,
7B6A,
7B8B,
838B,
83AB,
83AB,
83AB,
7B6A,
6B09,
62A8,
5A87,
5A87,
5A87,
5AA8,
5AC8,
62E9,
6B09,
6B4A,
736B,
7BAC,
7BCC,
83ED,
8C2E,
944E,
944E,
944E,
944E,
946F,
9C8F,
9CB0,
9CD0,
A4D1,
A4F1,
A4F1,
AD11,
AD12,
AD32,
AD32,
AD32,
AD32,
AD32,
AD32,
AD32,
AD31,
AD11,
A511,
A4F1,
A4D1,
9CB0,
9CB0,
9C8F,
946F,
8C2E,
8C0D,
83EC,
83EC,
83CC,
7BCC,
7BAC,
7BAC,
7BAC,
7BAB,
7B8B,
7B8B,
738A,
738A,
738A,
738A,
736A,
736A,
736A,
736A,
736A,
736A,
736A,
736A,
736A,
736A,
734A,
6B29,
6B28,
6308,
62E8,
62C7,
62C7,
5AA7,
5AA7,
5AA7,
5A86,
5A86,
5A86,
5A66,
5266,
5265,
5245,
5245,
5225,
5225,
4A05,
4A05,
4A05,
4A05,
4A05,
49E5,
49E5,
41E5,
41E4,
41E4,
41E4,
41E5,
41E5,
41E5,
41C5,
39C4,
39A4,
31A4,
3184,
3163,
2943,
2923,
2102,
20E2,
18C1,
18A1,
1080,
1080,
1060,
0860,
0840,
0840,
0020,
0020,
0020,
0040,
0040,
0040,
0040,
0040,
0040,
0040,
0040,
0040,
0861,
0861,
0861,
0860,
0040,
0040,
0861,
0861,
0861,
1081,
18A2,
10A1,
10A1,
10A1,
18C1,
2102,
3184,
39A4,
41E5,
4A46,
5AA7,
6B09,
738A,
83CB,
83EC,
8BEC,
8BEC,
8BEC,
940D,
940D,
940D,
940D,
940C,
940C,
940C,
940C,
940C,
940D,
942D,
942D,
944D,
9C4D,
9C6E,
9C6E,
9C6E,
9C6E,
9C6E,
944D,
942D,
942D,
8C0C,
8BEC,
83AB,
838A,
7B6A,
7B49,
7329,
7329,
7329,
7B4A,
7B4A,
7B6A,
7B8B,
7B8B,
7B8B,
7B8A,
6B09,
62C8,
5267,
5247,
5247,
5267,
5287,
5A87,
5AC8,
62E9,
6B09,
736B,
738B,
7BAC,
83CD,
8C0D,
8C0D,
8C0D,
8C0D,
8C2E,
944E,
946F,
9C8F,
9CB0,
9CD0,
A4D0,
A4F1,
A4F1,
A4F1,
A511,
AD11,
AD12,
AD32,
AD32,
AD31,
AD11,
AD11,
A511,
A4F1,
9CD0,
9CB0,
9C8F,
946F,
944E,
8C0D,
83ED,
83CC,
7BCC,
7BAB,
7BAB,
7BAB,
7B8B,
7B8B,
738B,
738B,
738A,
738A,
736A,
736A,
736A,
7369,
7369,
7369,
7369,
7369,
736A,
736A,
736A,
736A,
734A,
6B49,
6B29,
6308,
62E8,
62C7,
5AC7,
5AA7,
5AA7,
5AA7,
5A86,
5A86,
5286,
5266,
5266,
5245,
5245,
5245,
5225,
4A25,
4A25,
4A05,
4A05,
49E5,
49E5,
49E5,
49E5,
41E5,
41C4,
41C4,
41E4,
41E4,
41E4,
41E5,
41C5,
41C4,
39C4,
39C4,
39A4,
39A4,
3184,
3184,
3163,
2943,
2922,
2102,
20E2,
18C1,
10A1,
1080,
1060,
1060,
0840,
0020,
0020,
0020,
0040,
0040,
0040,
0040,
0040,
0040,
0040,
0020,
0040,
0860,
0881,
1081,
1081,
0861,
0861,
1081,
10A1,
1081,
0860,
1081,
18A1,
20E2,
2102,
2942,
3183,
41E5,
4A05,
5267,
62E8,
736A,
7B8B,
83CB,
83EC,
8BEC,
8BEC,
8BEC,
8BEC,
8BEC,
8BEC,
8BEC,
8BEC,
8BEC,
8BEC,
8BEC,
8BEC,
8C0C,
8C0C,
940D,
942D,
942D,
942D,
9C4E,
9C6E,
9C6E,
9C6E,
944D,
942D,
940D,
8C0C,
8BEC,
8BCC,
83AB,
838B,
7B6A,
7329,
7329,
7309,
7309,
7309,
7329,
7329,
7329,
734A,
736A,
736A,
6B29,
62C8,
5246,
4A26,
4A26,
4A26,
4A46,
4A46,
5267,
5287,
5AC8,
6309,
6B2A,
6B4A,
7B8B,
7BAC,
7BAC,
7BCC,
83CD,
83ED,
8C0E,
8C4E,
944F,
946F,
9C8F,
9C8F,
9CB0,
9CB0,
9CD0,
A4D0,
A4F1,
A4F1,
A4F1,
A511,
A511,
A511,
A4F1,
A4F1,
A4D0,
9CB0,
948F,
946F,
8C2E,
8C0D,
83EC,
7BCC,
7BAB,
7B8B,
7B8B,
7B8B,
738B,
736A,
736A,
736A,
736A,
736A,
736A,
736A,
7349,
7349,
6B49,
6B49,
6B49,
6B49,
6B49,
6B49,
7349,
6B49,
6B49,
6B49,
6B29,
6B08,
62E8,
62E7,
5AA7,
5AA7,
5A86,
5A86,
5A86,
5266,
5266,
5265,
5265,
5245,
5245,
5245,
5225,
4A25,
4A05,
4A04,
4A04,
49E4,
49E4,
49E4,
49E4,
41E4,
41C4,
41C4,
41C4,
41C4,
41C4,
41C4,
41C4,
41E4,
41C4,
39C4,
39A4,
39A4,
39A4,
39A4,
39A4,
3184,
3163,
2963,
2943,
2922,
2102,
20E2,
18C1,
18A1,
1081,
1080,
0020,
0020,
0020,
0040,
0040,
0040,
0040,
0040,
0040,
0040,
0020,
0040,
0860,
0881,
10A1,
10A1,
10A1,
10A1,
1081,
1081,
10A1,
18C2,
20E2,
2102,
2963,
3184,
39C4,
4A05,
5266,
5A87,
6309,
738A,
83CB,
83CC,
83EC,
8BEC,
8BEC,
8BEC,
8BEC,
8BEC,
8BCC,
8BCC,
8BCC,
8BCC,
8BCC,
8BCC,
8BCB,
8BCB,
8BEC,
8BEC,
8C0C,
8C0C,
940D,
942D,
942D,
944D,
944D,
944D,
942D,
8C0C,
8BEC,
8BEC,
8BCC,
83CB,
83AB,
838B,
7B6A,
7329,
7309,
7308,
6AE8,
6AE8,
6AE8,
6B08,
6B09,
6B09,
732A,
734A,
6B29,
62C8,
5246,
4A06,
4205,
4A06,
4A26,
4A26,
4A26,
4A47,
5267,
5AA8,
62C9,
6309,
6B2A,
734B,
736B,
7B8C,
7BAC,
7BCC,
83ED,
8C0D,
8C2E,
8C2E,
8C4E,
944E,
946F,
946F,
948F,
9C90,
9CB0,
9CD0,
A4D0,
A4D0,
A4D1,
A4F0,
A4D0,
A4D0,
9CB0,
948F,
944E,
8C2E,
83ED,
83CD,
7BAC,
7B8B,
738B,
736A,
736A,
736A,
736A,
736A,
734A,
734A,
736A,
736A,
7369,
7369,
6B49,
6B49,
6B49,
6B29,
6B29,
6B29,
6B29,
6B29,
6B49,
6B49,
6B49,
6B29,
6B28,
6308,
62E7,
5AC7,
5AA6,
5A86,
5A86,
5286,
5266,
5266,
5265,
5265,
5245,
5245,
5225,
4A24,
4A25,
4A04,
4A04,
49E4,
49E4,
49E4,
41E4,
41E4,
41E4,
41C4,
41C4,
41C4,
41C4,
41C4,
41C4,
41C4,
41C4,
41C4,
41C4,
41C4,
39A4,
39A4,
39A4,
39A4,
39A4,
3984,
3184,
3163,
3163,
3143,
2923,
2902,
2102,
20E2,
18C2,
18C1,
0040,
0040,
0040,
0040,
0040,
0040,
0040,
0040,
0040,
0040,
0040,
0040,
0840,
0860,
1081,
1081,
1081,
10A1,
1081,
1081,
18E2,
2964,
31A5,
39C5,
41E5,
4A26,
5267,
5AA7,
6B09,
7349,
7B8A,
83CB,
83EC,
8BEC,
83CC,
83CC,
8BEC,
8BEC,
8BEC,
8BCC,
83CB,
83CB,
83CB,
83CB,
83CB,
83CB,
83AB,
83AB,
83CC,
8BCC,
8BCC,
8BEC,
8BEC,
8C0D,
940D,
942D,
940D,
940D,
8BEC,
8BCC,
8BCC,
8BCC,
83CC,
83AB,
83AB,
838B,
7B6A,
7329,
7308,
6AE8,
6AC8,
62A7,
62C7,
6AC8,
62C8,
62C8,
6AE9,
6B29,
6B09,
62C8,
4A26,
41E5,
39C5,
41E5,
4206,
4205,
4206,
4206,
4226,
4A46,
5267,
52A8,
62C9,
62C9,
630A,
734B,
738B,
7B8C,
7BAC,
83CD,
83ED,
83ED,
83ED,
840D,
840D,
8C2E,
8C4E,
946F,
946F,
948F,
948F,
948F,
9CB0,
9CB0,
9C90,
9C90,
946F,
8C4E,
8C0D,
83ED,
7BCC,
7BAC,
7B8B,
736B,
734A,
734A,
6B4A,
6B4A,
6B49,
6B49,
6B29,
6B49,
6B49,
6B49,
6B49,
6B49,
6B28,
6B28,
6B29,
6B29,
6B29,
6B29,
6B29,
6B29,
6B29,
6B29,
6B28,
6B28,
6308,
62E7,
5AC7,
5AA7,
5A86,
5286,
5286,
5265,
5265,
5265,
5265,
5245,
5245,
5224,
4A24,
4A24,
4A04,
4A04,
49E4,
41E4,
41E4,
41E4,
41E4,
41E4,
41C4,
41C4,
41C4,
41C3,
41C4,
41C4,
41C4,
41C4,
41C4,
41C4,
41C4,
41C4,
39A4,
39A3,
39A4,
39A4,
39A4,
39A4,
3983,
3163,
3163,
3163,
3143,
2943,
2923,
2922,
2902,
2102,
0040,
0040,
0040,
0040,
0040,
0040,
0040,
0040,
0040,
0040,
0040,
0040,
0840,
0840,
0860,
0881,
0860,
1081,
10A1,
18E2,
2943,
39C5,
4A47,
5AA8,
5287,
62C8,
6309,
6B49,
7B8A,
83CB,
83CB,
83EC,
8BEC,
8BEC,
83CC,
8BEC,
8BEC,
8BEC,
8BEC,
83CB,
83CB,
83CB,
83CB,
83CB,
83CB,
83AB,
83AB,
83AB,
83AB,
83AB,
83AB,
83CC,
8BCC,
8BEC,
8BEC,
8C0D,
8C0D,
8BEC,
8BCC,
83CC,
83AC,
83CC,
83CC,
83AB,
83AB,
838B,
7B6A,
7329,
6AE8,
6AC8,
62A7,
6287,
5A86,
62A7,
62A7,
5AA7,
62C8,
62E8,
62C8,
5AA7,
41E5,
39A4,
3163,
31A4,
39C5,
39A5,
39A4,
39A5,
39C5,
39C5,
4206,
4A47,
5268,
5268,
5AA8,
6B0A,
734B,
736B,
7B8C,
7BAC,
7BAC,
7BCC,
7BCD,
7BCC,
7BCD,
83ED,
840E,
8C2E,
8C4F,
8C4F,
944F,
944F,
946F,
946F,
946F,
946F,
8C4E,
8C0E,
83CD,
7BAC,
7B8C,
7B8B,
736B,
734A,
6B2A,
6B2A,
6B29,
6B29,
6B09,
6B09,
6B09,
6B09,
6B28,
6B28,
6B08,
6B08,
6308,
6308,
6308,
6308,
6308,
6B08,
6B09,
6B28,
6B08,
6B08,
6308,
6308,
62E8,
5AC7,
5AA6,
5286,
5265,
5265,
5265,
5265,
5265,
5265,
5245,
5245,
5224,
4A24,
4A24,
4A04,
4A04,
4A04,
41E4,
41E4,
41E4,
41E4,
41C4,
41C4,
41C4,
41C4,
41C4,
41C3,
41C3,
41C3,
41C3,
41C3,
41C3,
39C3,
39A3,
39A3,
39A4,
39A3,
39A4,
39A4,
39A4,
39A4,
3984,
3183,
3163,
3163,
3143,
3143,
3143,
2943,
2923,
2922,
0020,
0041,
0020,
0020,
0040,
0020,
0020,
0040,
0020,
0020,
0040,
0840,
0840,
0840,
0860,
0860,
0860,
10A1,
18E2,
2963,
41E5,
5267,
5AC9,
632A,
6B2A,
734A,
738A,
7BAB,
83CB,
8BEC,
8C0C,
8C0C,
8BEC,
8BEC,
8BEC,
8BEC,
8BEC,
8BEC,
8BCC,
8BCC,
8BCC,
83CB,
83CB,
83CB,
83CB,
83CB,
83AB,
7BAB,
83AB,
83AB,
83AB,
83AB,
83CC,
83CC,
8BEC,
8BEC,
8BEC,
83CC,
83CC,
83AB,
83AB,
83AB,
83AB,
83AB,
838B,
838B,
7B6A,
7329,
6AE8,
6AC7,
6287,
5A66,
5A66,
5246,
5A66,
5266,
5A87,
62C8,
5AC8,
5267,
39C4,
2943,
2102,
2922,
2923,
2943,
2923,
2123,
2123,
2943,
3184,
39A5,
39C5,
41E6,
4A47,
52A8,
62EA,
6309,
630A,
632A,
6B4B,
6B6B,
736C,
738C,
738C,
7BAC,
7BCD,
840D,
840E,
842E,
840E,
840E,
842E,
842E,
840E,
8C0E,
840E,
83ED,
7BAD,
7B8C,
738C,
736B,
734B,
6B2A,
6B09,
6309,
6309,
6309,
6B09,
6B09,
6308,
6308,
6B08,
6B08,
6308,
6308,
62E8,
62E8,
62E8,
6308,
6308,
6308,
6308,
6308,
6308,
6308,
62E8,
62E7,
5AC7,
5AA6,
5286,
5286,
5265,
5265,
5265,
5265,
5265,
5245,
4A45,
4A45,
4A24,
4A04,
4A04,
4A03,
49E4,
41E3,
41E4,
41E4,
41C3,
41C3,
41C3,
41A3,
41A3,
41A3,
41A3,
39A3,
39A3,
39A3,
39A3,
39A3,
39A3,
39A3,
39A3,
39A3,
3983,
3983,
3983,
39A3,
39A4,
3983,
3183,
3163,
3163,
3143,
3142,
2942,
2943,
2922,
2922,
2922,
0020,
0041,
0040,
0040,
0841,
0041,
0020,
0040,
0040,
0020,
0020,
0020,
0840,
0860,
0860,
0860,
0860,
18E1,
2943,
39C5,
4A67,
62E9,
6B4A,
738B,
7BAB,
83CB,
83CC,
8BEC,
8C0C,
8C0C,
8C0C,
8C0C,
940D,
940D,
940D,
940D,
940D,
8C0C,
8BEC,
8BEC,
8BCC,
8BCC,
83CC,
83CC,
83CC,
83CB,
83AB,
7BAB,
7B8B,
7B8B,
7B8B,
7B8B,
83AB,
83AB,
83CC,
83CC,
83CC,
83AB,
83AB,
83AB,
83AB,
83AB,
83AB,
83AB,
838B,
838A,
7B4A,
7329,
6AE8,
62A7,
5A86,
5A66,
5245,
5225,
5245,
5245,
5266,
5AA7,
5A87,
4A46,
3184,
2102,
18A1,
18C1,
18C1,
18C1,
18A1,
1081,
1081,
1081,
18A1,
18C1,
20E2,
20E2,
2923,
3164,
3184,
3184,
39A5,
39C5,
41E6,
4206,
4A27,
4A47,
5288,
5AA9,
630A,
6B2B,
6B6B,
738C,
73AC,
7BAD,
7BAC,
7BAC,
7BAC,
7BAC,
7BAC,
738C,
734B,
6B2B,
6B2A,
6B0A,
62E9,
62E9,
62C9,
62C8,
62E9,
62E9,
62E8,
62E8,
62C8,
62C8,
62C8,
62C7,
5AC7,
5AC7,
62E7,
62E7,
62E7,
62E8,
62E8,
62E8,
62E8,
62E8,
62E8,
62E7,
62C7,
5AC7,
5AA6,
5286,
5265,
5265,
5245,
5265,
5265,
5265,
5245,
5245,
4A45,
4A24,
4A04,
4A04,
4A03,
41E3,
41E3,
41E3,
41E3,
41C3,
41C3,
41C3,
41A3,
39A3,
39A3,
39A3,
3983,
3983,
3982,
3982,
3982,
3982,
3983,
3983,
3982,
3982,
3983,
3983,
3983,
3983,
3984,
3983,
3183,
3163,
3163,
3143,
3142,
3122,
2943,
2922,
2922,
2922,
0041,
0841,
0020,
0020,
0841,
0841,
0040,
0041,
0040,
0020,
0020,
0020,
0860,
10A1,
18A1,
10A0,
18C1,
2963,
41E5,
5267,
6309,
6B6A,
7BAB,
83CC,
83EC,
83EC,
8C0C,
8C2C,
942D,
942D,
942D,
942D,
942D,
942D,
942D,
942D,
942D,
942D,
940D,
8BEC,
8BEC,
8BEC,
8BEC,
8BEC,
8BEC,
83CC,
83CC,
83AB,
7B8B,
7B6A,
7B6A,
7B6A,
7B8B,
7B8B,
83AB,
83AB,
83AB,
7B8B,
7B8B,
7B8B,
7B8B,
7B8B,
7B8B,
7B8B,
7B6A,
7B6A,
7B4A,
7309,
6AE8,
62A7,
5A86,
5A46,
5225,
4A05,
4A05,
4A25,
5246,
5A87,
5287,
4A26,
3163,
20E1,
1080,
1060,
1060,
0860,
0860,
0840,
0860,
0860,
0860,
0860,
1060,
1060,
1080,
1080,
1080,
1080,
1080,
10A1,
18C1,
18E1,
18E2,
2102,
2123,
2963,
3184,
31C5,
39C5,
39E6,
4227,
4A47,
5288,
5AA9,
5AC9,
62EA,
630A,
630A,
630A,
62EA,
630A,
62EA,
5AC9,
5AA8,
5287,
5287,
5287,
5AA7,
5A87,
5A87,
5A87,
5AA7,
5AA7,
5AA7,
5AA7,
5AA7,
5AC7,
5AC7,
5AC7,
5AC7,
5AC7,
5AC7,
5AC7,
5AC7,
5AC7,
5AA7,
5AA6,
5A86,
5286,
5266,
5265,
5265,
5245,
5245,
5265,
5245,
5245,
4A45,
4A24,
4A24,
4203,
4203,
41E3,
41E3,
41E3,
41C3,
41C3,
41C3,
39C3,
39A3,
39A3,
3982,
3983,
3982,
3982,
3182,
3182,
3182,
3182,
3182,
3182,
3162,
3162,
3162,
3162,
3162,
3163,
3983,
3983,
3983,
3183,
3163,
3163,
3143,
3142,
3142,
2922,
2922,
2922,
2922,
10A2,
10A2,
0841,
0020,
0021,
0041,
0040,
0841,
0040,
0040,
0020,
0020,
0860,
10A1,
18E1,
18E1,
2942,
39E5,
5287,
6309,
736A,
7BAB,
7BCB,
83EC,
83EC,
840C,
8C0C,
8C0C,
942D,
942D,
942D,
944D,
942D,
942D,
942D,
942D,
942D,
942D,
940D,
940D,
8C0C,
8C0C,
8C0C,
8C0C,
8C0C,
8BEC,
83CC,
83AB,
7B8B,
7B6A,
734A,
734A,
7B6A,
7B8B,
7B8B,
7B8B,
7B8B,
7B8B,
7B6A,
7B6A,
7B6A,
7B6A,
7B6A,
7B6A,
7B6A,
7B4A,
7329,
7309,
6AE8,
62A7,
5A86,
5A46,
5225,
4A04,
4A04,
4A25,
5246,
5287,
5266,
4205,
2943,
18C1,
1060,
1060,
0860,
1081,
0860,
0840,
0860,
0840,
0840,
0860,
0840,
0840,
0840,
0840,
0860,
0860,
0860,
0860,
0860,
0860,
1081,
1080,
10A1,
18C1,
18C1,
18C1,
18C1,
18C1,
18E2,
2102,
2123,
2943,
3184,
39A5,
39E6,
4206,
4227,
4A27,
5268,
4A47,
4A27,
4206,
41E5,
41E5,
4205,
4A26,
4A46,
4A46,
5246,
5266,
5266,
5286,
5A87,
5A87,
5AA7,
5AA7,
5AA7,
5AA7,
5AA7,
5AA7,
5AA7,
5A87,
5A86,
5286,
5286,
5266,
5266,
5265,
5265,
5245,
5245,
5245,
5245,
5245,
4A45,
4A24,
4A24,
4A04,
41E3,
41E3,
41E3,
41C3,
41C3,
39C3,
39A3,
39A3,
39A3,
39A3,
3982,
3982,
3182,
3162,
3162,
3162,
3182,
3182,
3182,
3182,
3162,
3162,
3162,
3162,
3162,
3162,
3163,
3163,
3183,
3183,
3163,
3163,
3163,
3143,
3142,
3142,
2922,
2922,
2922,
2922,
1903,
18E3,
0882,
0021,
0021,
0021,
0021,
0040,
0040,
0840,
0840,
0840,
0860,
10A1,
20E2,
2122,
39C4,
5287,
6309,
736A,
7BAB,
83EC,
83EC,
8C2C,
8C0C,
8C2C,
8C0D,
942D,
942D,
942D,
942D,
942D,
942D,
942D,
942D,
942D,
942D,
942D,
940D,
940D,
940D,
940D,
940D,
940D,
8C0D,
8BEC,
83CC,
83AB,
7B8B,
7B6A,
734A,
734A,
734A,
7B6A,
7B6A,
7B6A,
7B6A,
7B6A,
734A,
734A,
734A,
734A,
734A,
734A,
732A,
732A,
7329,
7309,
6AE8,
6AC7,
6286,
5A66,
5245,
4A04,
4A04,
4A25,
4A46,
5246,
4A05,
39A4,
2102,
1080,
0860,
0860,
0860,
0860,
0861,
0840,
0840,
0840,
0840,
0840,
0840,
0840,
0860,
0860,
0860,
0860,
0860,
0860,
0860,
1080,
1081,
10A1,
10A1,
10A1,
1081,
1080,
1081,
1081,
1081,
1081,
0860,
1081,
10A1,
18C1,
18E2,
2102,
2123,
2943,
2943,
2943,
2943,
2943,
3163,
31A4,
39C5,
41E5,
4A26,
4A26,
4A26,
4A46,
4A46,
5246,
5266,
5266,
5266,
5286,
5286,
5286,
5A87,
5286,
5286,
5266,
5266,
5266,
5245,
4A45,
4A45,
4A45,
4A45,
4A45,
5245,
5245,
5245,
5245,
4A45,
4A24,
4A04,
4204,
41E3,
41C3,
41C3,
39C3,
39A3,
39A3,
39A2,
3982,
3982,
3982,
3182,
3162,
3162,
3162,
3162,
3162,
3182,
3182,
3182,
3182,
3182,
3182,
3162,
3162,
3162,
3162,
3162,
3162,
3163,
3163,
3163,
3163,
3163,
3143,
3142,
2922,
2922,
2922,
2922,
2922,
10A2,
10A2,
0862,
0021,
0041,
0841,
0041,
0041,
0040,
0040,
0860,
1081,
10A1,
18E2,
2943,
39C5,
5287,
6329,
738B,
7BCB,
83EC,
840C,
840C,
8C0C,
8C2C,
8C2D,
942D,
942D,
942D,
942D,
942D,
942D,
942D,
942D,
942D,
942D,
944D,
942D,
942D,
942D,
942D,
940D,
940D,
940D,
8C0D,
8C0D,
83CC,
83AB,
7B6A,
734A,
7329,
7329,
7329,
734A,
7B6A,
7B6A,
734A,
734A,
7329,
7329,
7329,
7329,
6B09,
6B09,
7309,
7309,
7309,
7308,
6AE8,
6AC8,
62A7,
5A66,
5245,
4A24,
4A04,
4A25,
4A25,
4A05,
39A4,
2922,
18A0,
0860,
0840,
0840,
0860,
0840,
0860,
0840,
0840,
0861,
0861,
0861,
0860,
0860,
1060,
1060,
0860,
0860,
0860,
0860,
0860,
0860,
0860,
1081,
1081,
0860,
0860,
0860,
0860,
0860,
0860,
0860,
1081,
1080,
1080,
1081,
1081,
10A1,
10A1,
18C1,
18A1,
18C1,
18C1,
20E2,
2102,
2943,
3164,
3184,
39A4,
39A4,
41C4,
41C5,
41E5,
4205,
4A05,
4A25,
4A25,
4A25,
4A25,
4A45,
4A45,
4A45,
4A45,
4A25,
4A25,
4A25,
4A25,
4A25,
4A24,
4A25,
4A25,
4A45,
5245,
5245,
5245,
5245,
4A45,
4A24,
4204,
41E3,
41C3,
41C3,
39C3,
39C3,
39A3,
39A2,
3982,
3982,
3982,
3182,
3162,
3162,
3162,
3162,
3162,
3162,
3162,
3162,
3182,
3162,
3162,
3162,
3162,
3162,
3162,
3162,
3162,
3162,
3162,
3162,
3163,
3163,
3143,
3142,
3142,
2922,
2922,
2922,
2922,
2922,
0020,
0841,
0841,
0020,
0041,
0841,
0841,
0841,
0040,
0020,
0860,
10A1,
18C2,
2123,
39A5,
4A47,
6309,
738A,
7BCC,
83EB,
83EC,
840C,
83EC,
8C0C,
8C0C,
8C0C,
8C0D,
942D,
942D,
942D,
942E,
942D,
942D,
944D,
944D,
944D,
944D,
944D,
942D,
942D,
942D,
940D,
940D,
940D,
8C0D,
8C0D,
83CC,
83AB,
7B6A,
734A,
7329,
6B09,
7329,
734A,
734A,
734A,
7349,
7329,
7329,
7329,
6B09,
6B09,
6B08,
6AE8,
7309,
7309,
6AE8,
6AE8,
6AE8,
6AC8,
62A7,
5A66,
5245,
4A04,
4A04,
4A25,
4A25,
41E4,
3163,
18E1,
1060,
0840,
0840,
0860,
0840,
0840,
0840,
0840,
0020,
0841,
0840,
0840,
0840,
0840,
0840,
0840,
0840,
0860,
0860,
0860,
0860,
0840,
0860,
0860,
0861,
0861,
0860,
0861,
0861,
0861,
0860,
0860,
0860,
0860,
0860,
0880,
0881,
1081,
1081,
1080,
1080,
1080,
1080,
10A0,
18A1,
18C1,
20E1,
2102,
2902,
2922,
2922,
3142,
3163,
3983,
39A3,
39C4,
41E4,
41E4,
41E4,
4204,
4A05,
4A05,
4A05,
4204,
4A04,
4204,
4204,
4204,
4204,
4A04,
4A25,
4A25,
4A45,
5245,
5245,
4A45,
4A25,
4A04,
41E4,
41C3,
41C3,
39C3,
39C3,
39A2,
39A3,
3982,
3982,
3182,
3162,
3162,
3162,
3162,
3163,
3162,
3162,
3162,
3162,
3162,
3162,
3162,
3162,
3162,
3162,
3162,
3162,
3162,
3142,
3142,
3162,
3162,
3163,
3163,
3142,
3142,
2942,
2922,
2922,
2922,
2922,
2922;
